검토상태,전표번호,전표유형,계정과목,품목이름,금액,적요,1차판정,판정신뢰도,적용규칙ID,핵심쟁점,판정사유,법령근거,추가확인사항,근거URL,매칭문구,규칙버전
프로토타입 1차 스크리닝,18260102-1,과세매입,지급수수료,자문료,986000,외부 컨설팅 수수료 - 프로젝트명 미기재,추가검토,높음,R110_MISSING_PURPOSE_DETAIL,사업관련성·사용처 정보 부족,목적·사용자·사용장소가 없으면 사업을 위해 사용한 지출인지 확인할 수 없음,부가가치세법 제38조 제1항·제39조 제1항 제4호,거래 목적·사용자·사용부서·사용장소와 관련 증빙을 입력하세요.,https://www.law.go.kr/법령/부가가치세법/제38조,지급수수료 | 자문료 | 외부 컨설팅 수수료 - 프로젝트명 미기재,2026-08-13
프로토타입 1차 스크리닝,18260102-2,과세매입,비품,노트북,4447000,품질관리팀 검사데이터 분석용 노트북 구입,공제 가능,중간,R140_BUSINESS_EQUIPMENT_SERVICE,업무용 비품·설비·관리용역,과세사업 운영에 직접 사용하는 비품·설비·관리용역은 공제 원칙,부가가치세법 제38조 제1항,업무사용 및 과세사업 귀속 증빙을 보관하세요.,https://www.law.go.kr/법령/부가가치세법/제38조,비품 | 노트북 | 품질관리팀 검사데이터 분석용 노트북 구입,2026-08-13
프로토타입 1차 스크리닝,18260102-3,과세매입,원자재,철판,966000,A라인 생산용 SS400 철판 원재료 매입,공제 가능,높음,R130_DIRECT_MATERIAL_OR_PROCESS,과세사업용 원재료·부재료·외주가공,과세사업의 생산·납품에 직접 사용되는 재화·용역은 공제 원칙,부가가치세법 제38조 제1항,과세사업 귀속과 실제 입고·검수 자료를 확인하세요.,https://www.law.go.kr/법령/부가가치세법/제38조,원자재 | 철판 | A라인 생산용 SS400 철판 원재료 매입,2026-08-13
프로토타입 1차 스크리닝,18260102-4,과세매입,통신비,법인휴대폰,6796000,영업팀 법인명의 업무용 휴대전화 요금,공제 가능,중간,R140_BUSINESS_EQUIPMENT_SERVICE,업무용 비품·설비·관리용역,과세사업 운영에 직접 사용하는 비품·설비·관리용역은 공제 원칙,부가가치세법 제38조 제1항,업무사용 및 과세사업 귀속 증빙을 보관하세요.,https://www.law.go.kr/법령/부가가치세법/제38조,통신비 | 법인휴대폰 | 영업팀 법인명의 업무용 휴대전화 요금,2026-08-13
프로토타입 1차 스크리닝,18260103-1,과세매입,운반비,화물운송,728000,완제품 거래처 납품용 5톤 화물운송,공제 가능,중간,R140_BUSINESS_EQUIPMENT_SERVICE,업무용 비품·설비·관리용역,과세사업 운영에 직접 사용하는 비품·설비·관리용역은 공제 원칙,부가가치세법 제38조 제1항,업무사용 및 과세사업 귀속 증빙을 보관하세요.,https://www.law.go.kr/법령/부가가치세법/제38조,운반비 | 화물운송 | 완제품 거래처 납품용 5톤 화물운송,2026-08-13
프로토타입 1차 스크리닝,18260103-2,과세매입,임차료,승용차렌트,1817000,영업관리용 5인승 승용차 월 렌트료,불공제 가능,높음,R050_SMALL_PASSENGER_CAR,비영업용 소형승용자동차 관련,직접 영업에 쓰는 예외 업종 외 소형승용차의 구입·임차·유지는 불공제,부가가치세법 제39조 제1항 제5호·시행령 제78조,차종·정원·배기량·차량번호와 직접 영업 사용 여부를 확인하세요.,https://www.law.go.kr/법령/부가가치세법시행령/제78조,임차료 | 승용차렌트 | 영업관리용 5인승 승용차 월 렌트료,2026-08-13
프로토타입 1차 스크리닝,18260103-3,과세매입,복리후생비,개인용품,1194000,대표이사 자택 사용 가전제품 구매,불공제 가능,높음,R030_PRIVATE_OR_HOME_USE,사업과 직접 관련 없는 개인·가사 지출,대표자 개인사용·가사 지출 등 사업과 직접 관련 없는 지출은 불공제,부가가치세법 제39조 제1항 제4호·시행령 제77조,실제 사용 장소와 사용자 및 회사업무 관련성을 확인하세요.,https://www.law.go.kr/법령/부가가치세법시행령/제77조,복리후생비 | 개인용품 | 대표이사 자택 사용 가전제품 구매,2026-08-13
프로토타입 1차 스크리닝,18260103-4,과세매입,복리후생비,개인용품,378000,대표이사 자택 사용 가전제품 구매,불공제 가능,높음,R030_PRIVATE_OR_HOME_USE,사업과 직접 관련 없는 개인·가사 지출,대표자 개인사용·가사 지출 등 사업과 직접 관련 없는 지출은 불공제,부가가치세법 제39조 제1항 제4호·시행령 제77조,실제 사용 장소와 사용자 및 회사업무 관련성을 확인하세요.,https://www.law.go.kr/법령/부가가치세법시행령/제77조,복리후생비 | 개인용품 | 대표이사 자택 사용 가전제품 구매,2026-08-13
프로토타입 1차 스크리닝,18260104-1,과세매입,수선비,시설수리,1355000,건물 시설 수리비 - 사업장/사택 구분 미기재,추가검토,높음,R110_MISSING_PURPOSE_DETAIL,사업관련성·사용처 정보 부족,목적·사용자·사용장소가 없으면 사업을 위해 사용한 지출인지 확인할 수 없음,부가가치세법 제38조 제1항·제39조 제1항 제4호,거래 목적·사용자·사용부서·사용장소와 관련 증빙을 입력하세요.,https://www.law.go.kr/법령/부가가치세법/제38조,수선비 | 시설수리 | 건물 시설 수리비 - 사업장/사택 구분 미기재,2026-08-13
프로토타입 1차 스크리닝,18260104-2,과세매입,지급수수료,기업인수 실사,24000000,과세 제조사업 확장을 위해 인접 생산부지 대부분을 보유한 법인 지분 인수가 필요하여 재무·법률 실사 진행,공제 가능,중간,R120_BUSINESS_EXPANSION_SERVICE,과세사업 수행을 위한 인수·실사·자문,구체적 사업 수행에 필요하고 토지 자체의 가치 증가 비용이 아닌 용역은 공제 가능,부가가치세법 제38조 제1항·대법원 2010두15902·2010두12552,계약서·자문 산출물·사업계획·대금지급 증빙을 보관하세요.,https://law.go.kr/LSW/precInfoP.do?precSeq=171788,지급수수료 | 기업인수 실사 | 과세 제조사업 확장을 위해 인접 생산부지 대부분을 보유한 법인 지분 인수가 필요하여 재무·법률 실사 진행,2026-08-13
프로토타입 1차 스크리닝,18260104-3,과세매입,소모품비,전자기기,166000,태블릿PC 구매 - 사용자 및 사용부서 미기재,추가검토,높음,R110_MISSING_PURPOSE_DETAIL,사업관련성·사용처 정보 부족,목적·사용자·사용장소가 없으면 사업을 위해 사용한 지출인지 확인할 수 없음,부가가치세법 제38조 제1항·제39조 제1항 제4호,거래 목적·사용자·사용부서·사용장소와 관련 증빙을 입력하세요.,https://www.law.go.kr/법령/부가가치세법/제38조,소모품비 | 전자기기 | 태블릿PC 구매 - 사용자 및 사용부서 미기재,2026-08-13
프로토타입 1차 스크리닝,18260104-4,과세매입,소모품비,전자기기,3829000,태블릿PC 구매 - 사용자 및 사용부서 미기재,추가검토,높음,R110_MISSING_PURPOSE_DETAIL,사업관련성·사용처 정보 부족,목적·사용자·사용장소가 없으면 사업을 위해 사용한 지출인지 확인할 수 없음,부가가치세법 제38조 제1항·제39조 제1항 제4호,거래 목적·사용자·사용부서·사용장소와 관련 증빙을 입력하세요.,https://www.law.go.kr/법령/부가가치세법/제38조,소모품비 | 전자기기 | 태블릿PC 구매 - 사용자 및 사용부서 미기재,2026-08-13
프로토타입 1차 스크리닝,18260105-1,과세매입,운반비,화물운송,5036000,완제품 거래처 납품용 5톤 화물운송,공제 가능,중간,R140_BUSINESS_EQUIPMENT_SERVICE,업무용 비품·설비·관리용역,과세사업 운영에 직접 사용하는 비품·설비·관리용역은 공제 원칙,부가가치세법 제38조 제1항,업무사용 및 과세사업 귀속 증빙을 보관하세요.,https://www.law.go.kr/법령/부가가치세법/제38조,운반비 | 화물운송 | 완제품 거래처 납품용 5톤 화물운송,2026-08-13
프로토타입 1차 스크리닝,18260105-2,과세매입,기업업무추진비,거래처선물,2458000,거래처 대표 명절 선물세트 제공,불공제 가능,높음,R040_BUSINESS_PROMOTION,기업업무추진비·접대성 지출,기업업무추진비와 유사한 접대성 비용의 매입세액은 불공제,부가가치세법 제39조 제1항 제6호·시행령 제79조,지출 상대방·목적·참석자와 광고선전 또는 복리후생 해당 여부를 확인하세요.,https://www.law.go.kr/법령/부가가치세법시행령/제79조,기업업무추진비 | 거래처선물 | 거래처 대표 명절 선물세트 제공,2026-08-13
프로토타입 1차 스크리닝,18260105-3,과세매입,수선비,설비수리,981000,CNC 선반 스핀들 고장 수리 및 부품교체,공제 가능,중간,R140_BUSINESS_EQUIPMENT_SERVICE,업무용 비품·설비·관리용역,과세사업 운영에 직접 사용하는 비품·설비·관리용역은 공제 원칙,부가가치세법 제38조 제1항,업무사용 및 과세사업 귀속 증빙을 보관하세요.,https://www.law.go.kr/법령/부가가치세법/제38조,수선비 | 설비수리 | CNC 선반 스핀들 고장 수리 및 부품교체,2026-08-13
프로토타입 1차 스크리닝,18260105-4,과세매입,교육훈련비,안전교육,4008000,생산팀 산업안전·설비조작 교육비,공제 가능,중간,R140_BUSINESS_EQUIPMENT_SERVICE,업무용 비품·설비·관리용역,과세사업 운영에 직접 사용하는 비품·설비·관리용역은 공제 원칙,부가가치세법 제38조 제1항,업무사용 및 과세사업 귀속 증빙을 보관하세요.,https://www.law.go.kr/법령/부가가치세법/제38조,교육훈련비 | 안전교육 | 생산팀 산업안전·설비조작 교육비,2026-08-13
프로토타입 1차 스크리닝,18260106-1,과세매입,부재료비,용접봉,1995000,생산공정 용접작업용 용접봉 구매,공제 가능,높음,R130_DIRECT_MATERIAL_OR_PROCESS,과세사업용 원재료·부재료·외주가공,과세사업의 생산·납품에 직접 사용되는 재화·용역은 공제 원칙,부가가치세법 제38조 제1항,과세사업 귀속과 실제 입고·검수 자료를 확인하세요.,https://www.law.go.kr/법령/부가가치세법/제38조,부재료비 | 용접봉 | 생산공정 용접작업용 용접봉 구매,2026-08-13
프로토타입 1차 스크리닝,18260106-2,과세매입,원자재,철판,8837000,A라인 생산용 SS400 철판 원재료 매입,공제 가능,높음,R130_DIRECT_MATERIAL_OR_PROCESS,과세사업용 원재료·부재료·외주가공,과세사업의 생산·납품에 직접 사용되는 재화·용역은 공제 원칙,부가가치세법 제38조 제1항,과세사업 귀속과 실제 입고·검수 자료를 확인하세요.,https://www.law.go.kr/법령/부가가치세법/제38조,원자재 | 철판 | A라인 생산용 SS400 철판 원재료 매입,2026-08-13
프로토타입 1차 스크리닝,18260106-3,과세매입,원자재,베어링,1108000,감속기 조립용 베어링 생산자재 매입,공제 가능,높음,R130_DIRECT_MATERIAL_OR_PROCESS,과세사업용 원재료·부재료·외주가공,과세사업의 생산·납품에 직접 사용되는 재화·용역은 공제 원칙,부가가치세법 제38조 제1항,과세사업 귀속과 실제 입고·검수 자료를 확인하세요.,https://www.law.go.kr/법령/부가가치세법/제38조,원자재 | 베어링 | 감속기 조립용 베어링 생산자재 매입,2026-08-13
프로토타입 1차 스크리닝,18260106-4,과세매입,지급수수료,금융자문,22400000,신규 공장증설 사업 추진에 필요한 대상회사 인수자금 조달 및 금융자문 수수료,공제 가능,중간,R120_BUSINESS_EXPANSION_SERVICE,과세사업 수행을 위한 인수·실사·자문,구체적 사업 수행에 필요하고 토지 자체의 가치 증가 비용이 아닌 용역은 공제 가능,부가가치세법 제38조 제1항·대법원 2010두15902·2010두12552,계약서·자문 산출물·사업계획·대금지급 증빙을 보관하세요.,https://law.go.kr/LSW/precInfoP.do?precSeq=171788,지급수수료 | 금융자문 | 신규 공장증설 사업 추진에 필요한 대상회사 인수자금 조달 및 금융자문 수수료,2026-08-13
프로토타입 1차 스크리닝,18260107-1,과세매입,연구개발비,시제품재료,2893000,신형 펌프 시제품 제작용 테스트 재료비,공제 가능,높음,R130_DIRECT_MATERIAL_OR_PROCESS,과세사업용 원재료·부재료·외주가공,과세사업의 생산·납품에 직접 사용되는 재화·용역은 공제 원칙,부가가치세법 제38조 제1항,과세사업 귀속과 실제 입고·검수 자료를 확인하세요.,https://www.law.go.kr/법령/부가가치세법/제38조,연구개발비 | 시제품재료 | 신형 펌프 시제품 제작용 테스트 재료비,2026-08-13
프로토타입 1차 스크리닝,18260107-2,과세매입,비품,노트북,2980000,품질관리팀 검사데이터 분석용 노트북 구입,공제 가능,중간,R140_BUSINESS_EQUIPMENT_SERVICE,업무용 비품·설비·관리용역,과세사업 운영에 직접 사용하는 비품·설비·관리용역은 공제 원칙,부가가치세법 제38조 제1항,업무사용 및 과세사업 귀속 증빙을 보관하세요.,https://www.law.go.kr/법령/부가가치세법/제38조,비품 | 노트북 | 품질관리팀 검사데이터 분석용 노트북 구입,2026-08-13
프로토타입 1차 스크리닝,18260107-3,과세매입,복리후생비(생산),생산직원식대,2207000,야간 잔업 생산직원 식대 18명,공제 가능,중간,R150_EMPLOYEE_WELFARE_TRAINING,종업원 복리후생·직무교육,종업원 공동 복리후생과 직무 관련 교육은 사업 관련 매입으로 공제 가능,부가가치세법 제38조 제1항,대상자가 종업원인지와 복리후생 기준을 확인하세요.,https://www.law.go.kr/법령/부가가치세법/제38조,복리후생비(생산) | 생산직원식대 | 야간 잔업 생산직원 식대 18명,2026-08-13
프로토타입 1차 스크리닝,18260107-4,과세매입,운반비,화물운송,1073000,완제품 거래처 납품용 5톤 화물운송,공제 가능,중간,R140_BUSINESS_EQUIPMENT_SERVICE,업무용 비품·설비·관리용역,과세사업 운영에 직접 사용하는 비품·설비·관리용역은 공제 원칙,부가가치세법 제38조 제1항,업무사용 및 과세사업 귀속 증빙을 보관하세요.,https://www.law.go.kr/법령/부가가치세법/제38조,운반비 | 화물운송 | 완제품 거래처 납품용 5톤 화물운송,2026-08-13
프로토타입 1차 스크리닝,18260108-1,과세매입,차량유지비,승용차유류,1861000,"대표이사 업무용 2,000cc 승용차 주유",불공제 가능,높음,R050_SMALL_PASSENGER_CAR,비영업용 소형승용자동차 관련,직접 영업에 쓰는 예외 업종 외 소형승용차의 구입·임차·유지는 불공제,부가가치세법 제39조 제1항 제5호·시행령 제78조,차종·정원·배기량·차량번호와 직접 영업 사용 여부를 확인하세요.,https://www.law.go.kr/법령/부가가치세법시행령/제78조,"차량유지비 | 승용차유류 | 대표이사 업무용 2,000cc 승용차 주유",2026-08-13
프로토타입 1차 스크리닝,18260108-2,과세매입,임차료,승용차렌트,319000,영업관리용 5인승 승용차 월 렌트료,불공제 가능,높음,R050_SMALL_PASSENGER_CAR,비영업용 소형승용자동차 관련,직접 영업에 쓰는 예외 업종 외 소형승용차의 구입·임차·유지는 불공제,부가가치세법 제39조 제1항 제5호·시행령 제78조,차종·정원·배기량·차량번호와 직접 영업 사용 여부를 확인하세요.,https://www.law.go.kr/법령/부가가치세법시행령/제78조,임차료 | 승용차렌트 | 영업관리용 5인승 승용차 월 렌트료,2026-08-13
프로토타입 1차 스크리닝,18260108-3,과세매입,기업업무추진비,거래처식사,749000,주요 거래처 임원 4명 접대 목적 저녁식사,불공제 가능,높음,R040_BUSINESS_PROMOTION,기업업무추진비·접대성 지출,기업업무추진비와 유사한 접대성 비용의 매입세액은 불공제,부가가치세법 제39조 제1항 제6호·시행령 제79조,지출 상대방·목적·참석자와 광고선전 또는 복리후생 해당 여부를 확인하세요.,https://www.law.go.kr/법령/부가가치세법시행령/제79조,기업업무추진비 | 거래처식사 | 주요 거래처 임원 4명 접대 목적 저녁식사,2026-08-13
프로토타입 1차 스크리닝,18260108-4,과세매입,차량유지비,유류비,1784000,현장 방문 차량 주유 - 차종 및 차량번호 미기재,추가검토,높음,R100_AMBIGUOUS_VEHICLE,차종·용도 확인 필요,차량비는 차종과 직접 영업 사용 여부가 없으면 불공제 여부를 판정할 수 없음,부가가치세법 제39조 제1항 제5호,차종·정원·배기량·차량번호·업무용도를 입력하세요.,https://www.law.go.kr/법령/부가가치세법/제39조,차량유지비 | 유류비 | 현장 방문 차량 주유 - 차종 및 차량번호 미기재,2026-08-13
프로토타입 1차 스크리닝,18260109-1,과세매입,지급수수료,회계감사,575000,외부감사 대응 재고실사 및 회계자문 수수료,공제 가능,중간,R140_BUSINESS_EQUIPMENT_SERVICE,업무용 비품·설비·관리용역,과세사업 운영에 직접 사용하는 비품·설비·관리용역은 공제 원칙,부가가치세법 제38조 제1항,업무사용 및 과세사업 귀속 증빙을 보관하세요.,https://www.law.go.kr/법령/부가가치세법/제38조,지급수수료 | 회계감사 | 외부감사 대응 재고실사 및 회계자문 수수료,2026-08-13
프로토타입 1차 스크리닝,18260109-2,과세매입,지급수수료,인수자문,21200000,생산단지 조성사업 시행을 위해 토지 다수 보유 법인 주식인수 협상·실사 자문,공제 가능,중간,R120_BUSINESS_EXPANSION_SERVICE,과세사업 수행을 위한 인수·실사·자문,구체적 사업 수행에 필요하고 토지 자체의 가치 증가 비용이 아닌 용역은 공제 가능,부가가치세법 제38조 제1항·대법원 2010두15902·2010두12552,계약서·자문 산출물·사업계획·대금지급 증빙을 보관하세요.,https://law.go.kr/LSW/precInfoP.do?precSeq=171788,지급수수료 | 인수자문 | 생산단지 조성사업 시행을 위해 토지 다수 보유 법인 주식인수 협상·실사 자문,2026-08-13
프로토타입 1차 스크리닝,18260109-3,과세매입,지급수수료,자문료,2064000,외부 컨설팅 수수료 - 프로젝트명 미기재,추가검토,높음,R110_MISSING_PURPOSE_DETAIL,사업관련성·사용처 정보 부족,목적·사용자·사용장소가 없으면 사업을 위해 사용한 지출인지 확인할 수 없음,부가가치세법 제38조 제1항·제39조 제1항 제4호,거래 목적·사용자·사용부서·사용장소와 관련 증빙을 입력하세요.,https://www.law.go.kr/법령/부가가치세법/제38조,지급수수료 | 자문료 | 외부 컨설팅 수수료 - 프로젝트명 미기재,2026-08-13
프로토타입 1차 스크리닝,18260109-4,과세매입,지급수수료,회계감사,4044000,외부감사 대응 재고실사 및 회계자문 수수료,공제 가능,중간,R140_BUSINESS_EQUIPMENT_SERVICE,업무용 비품·설비·관리용역,과세사업 운영에 직접 사용하는 비품·설비·관리용역은 공제 원칙,부가가치세법 제38조 제1항,업무사용 및 과세사업 귀속 증빙을 보관하세요.,https://www.law.go.kr/법령/부가가치세법/제38조,지급수수료 | 회계감사 | 외부감사 대응 재고실사 및 회계자문 수수료,2026-08-13
프로토타입 1차 스크리닝,18260110-1,과세매입,임차료,승용차렌트,850000,영업관리용 5인승 승용차 월 렌트료,불공제 가능,높음,R050_SMALL_PASSENGER_CAR,비영업용 소형승용자동차 관련,직접 영업에 쓰는 예외 업종 외 소형승용차의 구입·임차·유지는 불공제,부가가치세법 제39조 제1항 제5호·시행령 제78조,차종·정원·배기량·차량번호와 직접 영업 사용 여부를 확인하세요.,https://www.law.go.kr/법령/부가가치세법시행령/제78조,임차료 | 승용차렌트 | 영업관리용 5인승 승용차 월 렌트료,2026-08-13
프로토타입 1차 스크리닝,18260110-2,과세매입,부재료비,용접봉,1849000,생산공정 용접작업용 용접봉 구매,공제 가능,높음,R130_DIRECT_MATERIAL_OR_PROCESS,과세사업용 원재료·부재료·외주가공,과세사업의 생산·납품에 직접 사용되는 재화·용역은 공제 원칙,부가가치세법 제38조 제1항,과세사업 귀속과 실제 입고·검수 자료를 확인하세요.,https://www.law.go.kr/법령/부가가치세법/제38조,부재료비 | 용접봉 | 생산공정 용접작업용 용접봉 구매,2026-08-13
프로토타입 1차 스크리닝,18260110-3,과세매입,복리후생비(관리),직원간식,7138000,사무실 전 직원 공용 간식 및 생수 구매,공제 가능,중간,R150_EMPLOYEE_WELFARE_TRAINING,종업원 복리후생·직무교육,종업원 공동 복리후생과 직무 관련 교육은 사업 관련 매입으로 공제 가능,부가가치세법 제38조 제1항,대상자가 종업원인지와 복리후생 기준을 확인하세요.,https://www.law.go.kr/법령/부가가치세법/제38조,복리후생비(관리) | 직원간식 | 사무실 전 직원 공용 간식 및 생수 구매,2026-08-13
프로토타입 1차 스크리닝,18260110-4,과세매입,원자재,베어링,5657000,감속기 조립용 베어링 생산자재 매입,공제 가능,높음,R130_DIRECT_MATERIAL_OR_PROCESS,과세사업용 원재료·부재료·외주가공,과세사업의 생산·납품에 직접 사용되는 재화·용역은 공제 원칙,부가가치세법 제38조 제1항,과세사업 귀속과 실제 입고·검수 자료를 확인하세요.,https://www.law.go.kr/법령/부가가치세법/제38조,원자재 | 베어링 | 감속기 조립용 베어링 생산자재 매입,2026-08-13
프로토타입 1차 스크리닝,18260111-1,과세매입,운반비,화물운송,4690000,완제품 거래처 납품용 5톤 화물운송,공제 가능,중간,R140_BUSINESS_EQUIPMENT_SERVICE,업무용 비품·설비·관리용역,과세사업 운영에 직접 사용하는 비품·설비·관리용역은 공제 원칙,부가가치세법 제38조 제1항,업무사용 및 과세사업 귀속 증빙을 보관하세요.,https://www.law.go.kr/법령/부가가치세법/제38조,운반비 | 화물운송 | 완제품 거래처 납품용 5톤 화물운송,2026-08-13
프로토타입 1차 스크리닝,18260111-2,과세매입,부재료비,용접봉,6281000,생산공정 용접작업용 용접봉 구매,공제 가능,높음,R130_DIRECT_MATERIAL_OR_PROCESS,과세사업용 원재료·부재료·외주가공,과세사업의 생산·납품에 직접 사용되는 재화·용역은 공제 원칙,부가가치세법 제38조 제1항,과세사업 귀속과 실제 입고·검수 자료를 확인하세요.,https://www.law.go.kr/법령/부가가치세법/제38조,부재료비 | 용접봉 | 생산공정 용접작업용 용접봉 구매,2026-08-13
프로토타입 1차 스크리닝,18260111-3,과세매입,임차료,승용차렌트,1253000,영업관리용 5인승 승용차 월 렌트료,불공제 가능,높음,R050_SMALL_PASSENGER_CAR,비영업용 소형승용자동차 관련,직접 영업에 쓰는 예외 업종 외 소형승용차의 구입·임차·유지는 불공제,부가가치세법 제39조 제1항 제5호·시행령 제78조,차종·정원·배기량·차량번호와 직접 영업 사용 여부를 확인하세요.,https://www.law.go.kr/법령/부가가치세법시행령/제78조,임차료 | 승용차렌트 | 영업관리용 5인승 승용차 월 렌트료,2026-08-13
프로토타입 1차 스크리닝,18260111-4,과세매입,지급수수료,가치평가,24400000,과세사업 확대에 필요한 사업시행권 보유 법인 인수 전 가치평가 및 재무실사,공제 가능,중간,R120_BUSINESS_EXPANSION_SERVICE,과세사업 수행을 위한 인수·실사·자문,구체적 사업 수행에 필요하고 토지 자체의 가치 증가 비용이 아닌 용역은 공제 가능,부가가치세법 제38조 제1항·대법원 2010두15902·2010두12552,계약서·자문 산출물·사업계획·대금지급 증빙을 보관하세요.,https://law.go.kr/LSW/precInfoP.do?precSeq=171788,지급수수료 | 가치평가 | 과세사업 확대에 필요한 사업시행권 보유 법인 인수 전 가치평가 및 재무실사,2026-08-13
프로토타입 1차 스크리닝,18260112-1,과세매입,광고선전비,제품카탈로그,8634000,"B2B 영업용 제품 카탈로그 2,000부 제작",공제 가능,중간,R160_ADVERTISING_SALES,광고·판매촉진,과세매출을 위한 일반 광고·판매촉진비는 공제 원칙,부가가치세법 제38조 제1항,배포대상과 광고 목적을 확인하세요.,https://www.law.go.kr/법령/부가가치세법/제38조,"광고선전비 | 제품카탈로그 | B2B 영업용 제품 카탈로그 2,000부 제작",2026-08-13
프로토타입 1차 스크리닝,18260112-2,과세매입,교육훈련비,안전교육,37000,생산팀 산업안전·설비조작 교육비,공제 가능,중간,R140_BUSINESS_EQUIPMENT_SERVICE,업무용 비품·설비·관리용역,과세사업 운영에 직접 사용하는 비품·설비·관리용역은 공제 원칙,부가가치세법 제38조 제1항,업무사용 및 과세사업 귀속 증빙을 보관하세요.,https://www.law.go.kr/법령/부가가치세법/제38조,교육훈련비 | 안전교육 | 생산팀 산업안전·설비조작 교육비,2026-08-13
프로토타입 1차 스크리닝,18260112-3,과세매입,임차료,공장창고,1514000,원재료 보관용 외부 창고 월 임차료,공제 가능,높음,R130_DIRECT_MATERIAL_OR_PROCESS,과세사업용 원재료·부재료·외주가공,과세사업의 생산·납품에 직접 사용되는 재화·용역은 공제 원칙,부가가치세법 제38조 제1항,과세사업 귀속과 실제 입고·검수 자료를 확인하세요.,https://www.law.go.kr/법령/부가가치세법/제38조,임차료 | 공장창고 | 원재료 보관용 외부 창고 월 임차료,2026-08-13
프로토타입 1차 스크리닝,18260112-4,과세매입,복리후생비,개인용품,2348000,대표이사 자택 사용 가전제품 구매,불공제 가능,높음,R030_PRIVATE_OR_HOME_USE,사업과 직접 관련 없는 개인·가사 지출,대표자 개인사용·가사 지출 등 사업과 직접 관련 없는 지출은 불공제,부가가치세법 제39조 제1항 제4호·시행령 제77조,실제 사용 장소와 사용자 및 회사업무 관련성을 확인하세요.,https://www.law.go.kr/법령/부가가치세법시행령/제77조,복리후생비 | 개인용품 | 대표이사 자택 사용 가전제품 구매,2026-08-13
프로토타입 1차 스크리닝,18260113-1,과세매입,기업업무추진비,거래처선물,649000,거래처 대표 명절 선물세트 제공,불공제 가능,높음,R040_BUSINESS_PROMOTION,기업업무추진비·접대성 지출,기업업무추진비와 유사한 접대성 비용의 매입세액은 불공제,부가가치세법 제39조 제1항 제6호·시행령 제79조,지출 상대방·목적·참석자와 광고선전 또는 복리후생 해당 여부를 확인하세요.,https://www.law.go.kr/법령/부가가치세법시행령/제79조,기업업무추진비 | 거래처선물 | 거래처 대표 명절 선물세트 제공,2026-08-13
프로토타입 1차 스크리닝,18260113-2,과세매입,임차료,승용차렌트,2365000,영업관리용 5인승 승용차 월 렌트료,불공제 가능,높음,R050_SMALL_PASSENGER_CAR,비영업용 소형승용자동차 관련,직접 영업에 쓰는 예외 업종 외 소형승용차의 구입·임차·유지는 불공제,부가가치세법 제39조 제1항 제5호·시행령 제78조,차종·정원·배기량·차량번호와 직접 영업 사용 여부를 확인하세요.,https://www.law.go.kr/법령/부가가치세법시행령/제78조,임차료 | 승용차렌트 | 영업관리용 5인승 승용차 월 렌트료,2026-08-13
프로토타입 1차 스크리닝,18260113-3,과세매입,지급수수료,자문료,1932000,외부 컨설팅 수수료 - 프로젝트명 미기재,추가검토,높음,R110_MISSING_PURPOSE_DETAIL,사업관련성·사용처 정보 부족,목적·사용자·사용장소가 없으면 사업을 위해 사용한 지출인지 확인할 수 없음,부가가치세법 제38조 제1항·제39조 제1항 제4호,거래 목적·사용자·사용부서·사용장소와 관련 증빙을 입력하세요.,https://www.law.go.kr/법령/부가가치세법/제38조,지급수수료 | 자문료 | 외부 컨설팅 수수료 - 프로젝트명 미기재,2026-08-13
프로토타입 1차 스크리닝,18260113-4,과세매입,부재료비,용접봉,2835000,생산공정 용접작업용 용접봉 구매,공제 가능,높음,R130_DIRECT_MATERIAL_OR_PROCESS,과세사업용 원재료·부재료·외주가공,과세사업의 생산·납품에 직접 사용되는 재화·용역은 공제 원칙,부가가치세법 제38조 제1항,과세사업 귀속과 실제 입고·검수 자료를 확인하세요.,https://www.law.go.kr/법령/부가가치세법/제38조,부재료비 | 용접봉 | 생산공정 용접작업용 용접봉 구매,2026-08-13
프로토타입 1차 스크리닝,18260114-1,과세매입,소모품비,전자기기,3271000,태블릿PC 구매 - 사용자 및 사용부서 미기재,추가검토,높음,R110_MISSING_PURPOSE_DETAIL,사업관련성·사용처 정보 부족,목적·사용자·사용장소가 없으면 사업을 위해 사용한 지출인지 확인할 수 없음,부가가치세법 제38조 제1항·제39조 제1항 제4호,거래 목적·사용자·사용부서·사용장소와 관련 증빙을 입력하세요.,https://www.law.go.kr/법령/부가가치세법/제38조,소모품비 | 전자기기 | 태블릿PC 구매 - 사용자 및 사용부서 미기재,2026-08-13
프로토타입 1차 스크리닝,18260114-2,과세매입,지급수수료,사업시행 자문,15100000,"공장 이전·확장 사업 승인신청 및 사업시행을 위한 인허가·업무대행 자문, 토지가치 증가 목적 아님",공제 가능,중간,R120_BUSINESS_EXPANSION_SERVICE,과세사업 수행을 위한 인수·실사·자문,구체적 사업 수행에 필요하고 토지 자체의 가치 증가 비용이 아닌 용역은 공제 가능,부가가치세법 제38조 제1항·대법원 2010두15902·2010두12552,계약서·자문 산출물·사업계획·대금지급 증빙을 보관하세요.,https://law.go.kr/LSW/precInfoP.do?precSeq=171788,"지급수수료 | 사업시행 자문 | 공장 이전·확장 사업 승인신청 및 사업시행을 위한 인허가·업무대행 자문, 토지가치 증가 목적 아님",2026-08-13
프로토타입 1차 스크리닝,18260114-3,과세매입,교육훈련비,안전교육,5893000,생산팀 산업안전·설비조작 교육비,공제 가능,중간,R140_BUSINESS_EQUIPMENT_SERVICE,업무용 비품·설비·관리용역,과세사업 운영에 직접 사용하는 비품·설비·관리용역은 공제 원칙,부가가치세법 제38조 제1항,업무사용 및 과세사업 귀속 증빙을 보관하세요.,https://www.law.go.kr/법령/부가가치세법/제38조,교육훈련비 | 안전교육 | 생산팀 산업안전·설비조작 교육비,2026-08-13
프로토타입 1차 스크리닝,18260114-4,과세매입,차량유지비,승용차수리,2221000,"관리팀 1,600cc 승용차 엔진오일 및 수리",불공제 가능,높음,R050_SMALL_PASSENGER_CAR,비영업용 소형승용자동차 관련,직접 영업에 쓰는 예외 업종 외 소형승용차의 구입·임차·유지는 불공제,부가가치세법 제39조 제1항 제5호·시행령 제78조,차종·정원·배기량·차량번호와 직접 영업 사용 여부를 확인하세요.,https://www.law.go.kr/법령/부가가치세법시행령/제78조,"차량유지비 | 승용차수리 | 관리팀 1,600cc 승용차 엔진오일 및 수리",2026-08-13
프로토타입 1차 스크리닝,18260115-1,과세매입,복리후생비(생산),생산직원식대,6000000,야간 잔업 생산직원 식대 18명,공제 가능,중간,R150_EMPLOYEE_WELFARE_TRAINING,종업원 복리후생·직무교육,종업원 공동 복리후생과 직무 관련 교육은 사업 관련 매입으로 공제 가능,부가가치세법 제38조 제1항,대상자가 종업원인지와 복리후생 기준을 확인하세요.,https://www.law.go.kr/법령/부가가치세법/제38조,복리후생비(생산) | 생산직원식대 | 야간 잔업 생산직원 식대 18명,2026-08-13
프로토타입 1차 스크리닝,18260115-2,과세매입,소모품비(생산),안전장갑,3447000,현장 생산직 지급용 안전장갑 구매,공제 가능,높음,R130_DIRECT_MATERIAL_OR_PROCESS,과세사업용 원재료·부재료·외주가공,과세사업의 생산·납품에 직접 사용되는 재화·용역은 공제 원칙,부가가치세법 제38조 제1항,과세사업 귀속과 실제 입고·검수 자료를 확인하세요.,https://www.law.go.kr/법령/부가가치세법/제38조,소모품비(생산) | 안전장갑 | 현장 생산직 지급용 안전장갑 구매,2026-08-13
프로토타입 1차 스크리닝,18260115-3,과세매입,복리후생비(관리),직원간식,4396000,사무실 전 직원 공용 간식 및 생수 구매,공제 가능,중간,R150_EMPLOYEE_WELFARE_TRAINING,종업원 복리후생·직무교육,종업원 공동 복리후생과 직무 관련 교육은 사업 관련 매입으로 공제 가능,부가가치세법 제38조 제1항,대상자가 종업원인지와 복리후생 기준을 확인하세요.,https://www.law.go.kr/법령/부가가치세법/제38조,복리후생비(관리) | 직원간식 | 사무실 전 직원 공용 간식 및 생수 구매,2026-08-13
프로토타입 1차 스크리닝,18260115-4,과세매입,광고선전비,제품카탈로그,6897000,"B2B 영업용 제품 카탈로그 2,000부 제작",공제 가능,중간,R160_ADVERTISING_SALES,광고·판매촉진,과세매출을 위한 일반 광고·판매촉진비는 공제 원칙,부가가치세법 제38조 제1항,배포대상과 광고 목적을 확인하세요.,https://www.law.go.kr/법령/부가가치세법/제38조,"광고선전비 | 제품카탈로그 | B2B 영업용 제품 카탈로그 2,000부 제작",2026-08-13
프로토타입 1차 스크리닝,18260116-1,과세매입,수선비,설비수리,7291000,CNC 선반 스핀들 고장 수리 및 부품교체,공제 가능,중간,R140_BUSINESS_EQUIPMENT_SERVICE,업무용 비품·설비·관리용역,과세사업 운영에 직접 사용하는 비품·설비·관리용역은 공제 원칙,부가가치세법 제38조 제1항,업무사용 및 과세사업 귀속 증빙을 보관하세요.,https://www.law.go.kr/법령/부가가치세법/제38조,수선비 | 설비수리 | CNC 선반 스핀들 고장 수리 및 부품교체,2026-08-13
프로토타입 1차 스크리닝,18260116-2,과세매입,기업업무추진비,거래처식사,1407000,주요 거래처 임원 4명 접대 목적 저녁식사,불공제 가능,높음,R040_BUSINESS_PROMOTION,기업업무추진비·접대성 지출,기업업무추진비와 유사한 접대성 비용의 매입세액은 불공제,부가가치세법 제39조 제1항 제6호·시행령 제79조,지출 상대방·목적·참석자와 광고선전 또는 복리후생 해당 여부를 확인하세요.,https://www.law.go.kr/법령/부가가치세법시행령/제79조,기업업무추진비 | 거래처식사 | 주요 거래처 임원 4명 접대 목적 저녁식사,2026-08-13
프로토타입 1차 스크리닝,18260116-3,과세매입,소모품비,전자기기,1796000,태블릿PC 구매 - 사용자 및 사용부서 미기재,추가검토,높음,R110_MISSING_PURPOSE_DETAIL,사업관련성·사용처 정보 부족,목적·사용자·사용장소가 없으면 사업을 위해 사용한 지출인지 확인할 수 없음,부가가치세법 제38조 제1항·제39조 제1항 제4호,거래 목적·사용자·사용부서·사용장소와 관련 증빙을 입력하세요.,https://www.law.go.kr/법령/부가가치세법/제38조,소모품비 | 전자기기 | 태블릿PC 구매 - 사용자 및 사용부서 미기재,2026-08-13
프로토타입 1차 스크리닝,18260116-4,과세매입,지급수수료,인허가용역,13300000,"과세 제조시설 신축사업 추진을 위한 행정 인허가 및 사업계획 조정 용역, 부지 취득 자체를 위한 용역 아님",공제 가능,중간,R120_BUSINESS_EXPANSION_SERVICE,과세사업 수행을 위한 인수·실사·자문,구체적 사업 수행에 필요하고 토지 자체의 가치 증가 비용이 아닌 용역은 공제 가능,부가가치세법 제38조 제1항·대법원 2010두15902·2010두12552,계약서·자문 산출물·사업계획·대금지급 증빙을 보관하세요.,https://law.go.kr/LSW/precInfoP.do?precSeq=171788,"지급수수료 | 인허가용역 | 과세 제조시설 신축사업 추진을 위한 행정 인허가 및 사업계획 조정 용역, 부지 취득 자체를 위한 용역 아님",2026-08-13
프로토타입 1차 스크리닝,18260117-1,과세매입,외주가공비,도금가공,1492000,납품제품 표면 아연도금 외주가공,공제 가능,높음,R130_DIRECT_MATERIAL_OR_PROCESS,과세사업용 원재료·부재료·외주가공,과세사업의 생산·납품에 직접 사용되는 재화·용역은 공제 원칙,부가가치세법 제38조 제1항,과세사업 귀속과 실제 입고·검수 자료를 확인하세요.,https://www.law.go.kr/법령/부가가치세법/제38조,외주가공비 | 도금가공 | 납품제품 표면 아연도금 외주가공,2026-08-13
프로토타입 1차 스크리닝,18260117-2,과세매입,외주가공비,도금가공,7526000,납품제품 표면 아연도금 외주가공,공제 가능,높음,R130_DIRECT_MATERIAL_OR_PROCESS,과세사업용 원재료·부재료·외주가공,과세사업의 생산·납품에 직접 사용되는 재화·용역은 공제 원칙,부가가치세법 제38조 제1항,과세사업 귀속과 실제 입고·검수 자료를 확인하세요.,https://www.law.go.kr/법령/부가가치세법/제38조,외주가공비 | 도금가공 | 납품제품 표면 아연도금 외주가공,2026-08-13
프로토타입 1차 스크리닝,18260117-3,과세매입,소모품비,가사용품,1152000,대표 개인주거지 배송 가사용 생활용품,불공제 가능,높음,R030_PRIVATE_OR_HOME_USE,사업과 직접 관련 없는 개인·가사 지출,대표자 개인사용·가사 지출 등 사업과 직접 관련 없는 지출은 불공제,부가가치세법 제39조 제1항 제4호·시행령 제77조,실제 사용 장소와 사용자 및 회사업무 관련성을 확인하세요.,https://www.law.go.kr/법령/부가가치세법시행령/제77조,소모품비 | 가사용품 | 대표 개인주거지 배송 가사용 생활용품,2026-08-13
프로토타입 1차 스크리닝,18260117-4,과세매입,임차료,승용차렌트,2132000,영업관리용 5인승 승용차 월 렌트료,불공제 가능,높음,R050_SMALL_PASSENGER_CAR,비영업용 소형승용자동차 관련,직접 영업에 쓰는 예외 업종 외 소형승용차의 구입·임차·유지는 불공제,부가가치세법 제39조 제1항 제5호·시행령 제78조,차종·정원·배기량·차량번호와 직접 영업 사용 여부를 확인하세요.,https://www.law.go.kr/법령/부가가치세법시행령/제78조,임차료 | 승용차렌트 | 영업관리용 5인승 승용차 월 렌트료,2026-08-13
프로토타입 1차 스크리닝,18260118-1,과세매입,복리후생비,개인용품,2229000,대표이사 자택 사용 가전제품 구매,불공제 가능,높음,R030_PRIVATE_OR_HOME_USE,사업과 직접 관련 없는 개인·가사 지출,대표자 개인사용·가사 지출 등 사업과 직접 관련 없는 지출은 불공제,부가가치세법 제39조 제1항 제4호·시행령 제77조,실제 사용 장소와 사용자 및 회사업무 관련성을 확인하세요.,https://www.law.go.kr/법령/부가가치세법시행령/제77조,복리후생비 | 개인용품 | 대표이사 자택 사용 가전제품 구매,2026-08-13
프로토타입 1차 스크리닝,18260118-2,과세매입,수선비,시설수리,1181000,건물 시설 수리비 - 사업장/사택 구분 미기재,추가검토,높음,R110_MISSING_PURPOSE_DETAIL,사업관련성·사용처 정보 부족,목적·사용자·사용장소가 없으면 사업을 위해 사용한 지출인지 확인할 수 없음,부가가치세법 제38조 제1항·제39조 제1항 제4호,거래 목적·사용자·사용부서·사용장소와 관련 증빙을 입력하세요.,https://www.law.go.kr/법령/부가가치세법/제38조,수선비 | 시설수리 | 건물 시설 수리비 - 사업장/사택 구분 미기재,2026-08-13
프로토타입 1차 스크리닝,18260118-3,과세매입,소모품비(생산),안전장갑,5415000,현장 생산직 지급용 안전장갑 구매,공제 가능,높음,R130_DIRECT_MATERIAL_OR_PROCESS,과세사업용 원재료·부재료·외주가공,과세사업의 생산·납품에 직접 사용되는 재화·용역은 공제 원칙,부가가치세법 제38조 제1항,과세사업 귀속과 실제 입고·검수 자료를 확인하세요.,https://www.law.go.kr/법령/부가가치세법/제38조,소모품비(생산) | 안전장갑 | 현장 생산직 지급용 안전장갑 구매,2026-08-13
프로토타입 1차 스크리닝,18260118-4,과세매입,회의비,식대,462000,외부 참석자 포함 회의 식대 - 참석자 명단 미첨부,추가검토,높음,R110_MISSING_PURPOSE_DETAIL,사업관련성·사용처 정보 부족,목적·사용자·사용장소가 없으면 사업을 위해 사용한 지출인지 확인할 수 없음,부가가치세법 제38조 제1항·제39조 제1항 제4호,거래 목적·사용자·사용부서·사용장소와 관련 증빙을 입력하세요.,https://www.law.go.kr/법령/부가가치세법/제38조,회의비 | 식대 | 외부 참석자 포함 회의 식대 - 참석자 명단 미첨부,2026-08-13
프로토타입 1차 스크리닝,18260119-1,과세매입,수선비,시설수리,2306000,건물 시설 수리비 - 사업장/사택 구분 미기재,추가검토,높음,R110_MISSING_PURPOSE_DETAIL,사업관련성·사용처 정보 부족,목적·사용자·사용장소가 없으면 사업을 위해 사용한 지출인지 확인할 수 없음,부가가치세법 제38조 제1항·제39조 제1항 제4호,거래 목적·사용자·사용부서·사용장소와 관련 증빙을 입력하세요.,https://www.law.go.kr/법령/부가가치세법/제38조,수선비 | 시설수리 | 건물 시설 수리비 - 사업장/사택 구분 미기재,2026-08-13
프로토타입 1차 스크리닝,18260119-2,과세매입,지급수수료,사업자문,11900000,생산시설 개발사업 공동시행을 위해 필요한 대상법인 지분 인수·사업승인 자문,공제 가능,중간,R120_BUSINESS_EXPANSION_SERVICE,과세사업 수행을 위한 인수·실사·자문,구체적 사업 수행에 필요하고 토지 자체의 가치 증가 비용이 아닌 용역은 공제 가능,부가가치세법 제38조 제1항·대법원 2010두15902·2010두12552,계약서·자문 산출물·사업계획·대금지급 증빙을 보관하세요.,https://law.go.kr/LSW/precInfoP.do?precSeq=171788,지급수수료 | 사업자문 | 생산시설 개발사업 공동시행을 위해 필요한 대상법인 지분 인수·사업승인 자문,2026-08-13
프로토타입 1차 스크리닝,18260119-3,과세매입,기업업무추진비,거래처선물,475000,거래처 대표 명절 선물세트 제공,불공제 가능,높음,R040_BUSINESS_PROMOTION,기업업무추진비·접대성 지출,기업업무추진비와 유사한 접대성 비용의 매입세액은 불공제,부가가치세법 제39조 제1항 제6호·시행령 제79조,지출 상대방·목적·참석자와 광고선전 또는 복리후생 해당 여부를 확인하세요.,https://www.law.go.kr/법령/부가가치세법시행령/제79조,기업업무추진비 | 거래처선물 | 거래처 대표 명절 선물세트 제공,2026-08-13
프로토타입 1차 스크리닝,18260119-4,과세매입,운반비,화물운송,6130000,완제품 거래처 납품용 5톤 화물운송,공제 가능,중간,R140_BUSINESS_EQUIPMENT_SERVICE,업무용 비품·설비·관리용역,과세사업 운영에 직접 사용하는 비품·설비·관리용역은 공제 원칙,부가가치세법 제38조 제1항,업무사용 및 과세사업 귀속 증빙을 보관하세요.,https://www.law.go.kr/법령/부가가치세법/제38조,운반비 | 화물운송 | 완제품 거래처 납품용 5톤 화물운송,2026-08-13
프로토타입 1차 스크리닝,18260120-1,과세매입,비품,노트북,1814000,품질관리팀 검사데이터 분석용 노트북 구입,공제 가능,중간,R140_BUSINESS_EQUIPMENT_SERVICE,업무용 비품·설비·관리용역,과세사업 운영에 직접 사용하는 비품·설비·관리용역은 공제 원칙,부가가치세법 제38조 제1항,업무사용 및 과세사업 귀속 증빙을 보관하세요.,https://www.law.go.kr/법령/부가가치세법/제38조,비품 | 노트북 | 품질관리팀 검사데이터 분석용 노트북 구입,2026-08-13
프로토타입 1차 스크리닝,18260120-2,과세매입,임차료,공장창고,5595000,원재료 보관용 외부 창고 월 임차료,공제 가능,높음,R130_DIRECT_MATERIAL_OR_PROCESS,과세사업용 원재료·부재료·외주가공,과세사업의 생산·납품에 직접 사용되는 재화·용역은 공제 원칙,부가가치세법 제38조 제1항,과세사업 귀속과 실제 입고·검수 자료를 확인하세요.,https://www.law.go.kr/법령/부가가치세법/제38조,임차료 | 공장창고 | 원재료 보관용 외부 창고 월 임차료,2026-08-13
프로토타입 1차 스크리닝,18260120-3,과세매입,광고선전비,제품카탈로그,7946000,"B2B 영업용 제품 카탈로그 2,000부 제작",공제 가능,중간,R160_ADVERTISING_SALES,광고·판매촉진,과세매출을 위한 일반 광고·판매촉진비는 공제 원칙,부가가치세법 제38조 제1항,배포대상과 광고 목적을 확인하세요.,https://www.law.go.kr/법령/부가가치세법/제38조,"광고선전비 | 제품카탈로그 | B2B 영업용 제품 카탈로그 2,000부 제작",2026-08-13
프로토타입 1차 스크리닝,18260120-4,과세매입,외주가공비,도금가공,8563000,납품제품 표면 아연도금 외주가공,공제 가능,높음,R130_DIRECT_MATERIAL_OR_PROCESS,과세사업용 원재료·부재료·외주가공,과세사업의 생산·납품에 직접 사용되는 재화·용역은 공제 원칙,부가가치세법 제38조 제1항,과세사업 귀속과 실제 입고·검수 자료를 확인하세요.,https://www.law.go.kr/법령/부가가치세법/제38조,외주가공비 | 도금가공 | 납품제품 표면 아연도금 외주가공,2026-08-13
프로토타입 1차 스크리닝,18260121-1,과세매입,차량유지비,승용차수리,2173000,"관리팀 1,600cc 승용차 엔진오일 및 수리",불공제 가능,높음,R050_SMALL_PASSENGER_CAR,비영업용 소형승용자동차 관련,직접 영업에 쓰는 예외 업종 외 소형승용차의 구입·임차·유지는 불공제,부가가치세법 제39조 제1항 제5호·시행령 제78조,차종·정원·배기량·차량번호와 직접 영업 사용 여부를 확인하세요.,https://www.law.go.kr/법령/부가가치세법시행령/제78조,"차량유지비 | 승용차수리 | 관리팀 1,600cc 승용차 엔진오일 및 수리",2026-08-13
프로토타입 1차 스크리닝,18260121-2,과세매입,차량유지비,유류비,1761000,현장 방문 차량 주유 - 차종 및 차량번호 미기재,추가검토,높음,R100_AMBIGUOUS_VEHICLE,차종·용도 확인 필요,차량비는 차종과 직접 영업 사용 여부가 없으면 불공제 여부를 판정할 수 없음,부가가치세법 제39조 제1항 제5호,차종·정원·배기량·차량번호·업무용도를 입력하세요.,https://www.law.go.kr/법령/부가가치세법/제39조,차량유지비 | 유류비 | 현장 방문 차량 주유 - 차종 및 차량번호 미기재,2026-08-13
프로토타입 1차 스크리닝,18260121-3,과세매입,원자재,철판,4353000,A라인 생산용 SS400 철판 원재료 매입,공제 가능,높음,R130_DIRECT_MATERIAL_OR_PROCESS,과세사업용 원재료·부재료·외주가공,과세사업의 생산·납품에 직접 사용되는 재화·용역은 공제 원칙,부가가치세법 제38조 제1항,과세사업 귀속과 실제 입고·검수 자료를 확인하세요.,https://www.law.go.kr/법령/부가가치세법/제38조,원자재 | 철판 | A라인 생산용 SS400 철판 원재료 매입,2026-08-13
프로토타입 1차 스크리닝,18260121-4,과세매입,지급수수료,재무실사,7600000,신규 과세사업 부지 확보와 사업시행에 필수인 법인 인수 전 재무·자산 실사 수수료,공제 가능,중간,R120_BUSINESS_EXPANSION_SERVICE,과세사업 수행을 위한 인수·실사·자문,구체적 사업 수행에 필요하고 토지 자체의 가치 증가 비용이 아닌 용역은 공제 가능,부가가치세법 제38조 제1항·대법원 2010두15902·2010두12552,계약서·자문 산출물·사업계획·대금지급 증빙을 보관하세요.,https://law.go.kr/LSW/precInfoP.do?precSeq=171788,지급수수료 | 재무실사 | 신규 과세사업 부지 확보와 사업시행에 필수인 법인 인수 전 재무·자산 실사 수수료,2026-08-13
프로토타입 1차 스크리닝,18260122-1,과세매입,부재료비,용접봉,1999000,생산공정 용접작업용 용접봉 구매,공제 가능,높음,R130_DIRECT_MATERIAL_OR_PROCESS,과세사업용 원재료·부재료·외주가공,과세사업의 생산·납품에 직접 사용되는 재화·용역은 공제 원칙,부가가치세법 제38조 제1항,과세사업 귀속과 실제 입고·검수 자료를 확인하세요.,https://www.law.go.kr/법령/부가가치세법/제38조,부재료비 | 용접봉 | 생산공정 용접작업용 용접봉 구매,2026-08-13
프로토타입 1차 스크리닝,18260122-2,과세매입,기업업무추진비,거래처선물,819000,거래처 대표 명절 선물세트 제공,불공제 가능,높음,R040_BUSINESS_PROMOTION,기업업무추진비·접대성 지출,기업업무추진비와 유사한 접대성 비용의 매입세액은 불공제,부가가치세법 제39조 제1항 제6호·시행령 제79조,지출 상대방·목적·참석자와 광고선전 또는 복리후생 해당 여부를 확인하세요.,https://www.law.go.kr/법령/부가가치세법시행령/제79조,기업업무추진비 | 거래처선물 | 거래처 대표 명절 선물세트 제공,2026-08-13
프로토타입 1차 스크리닝,18260122-3,과세매입,소모품비,가사용품,1250000,대표 개인주거지 배송 가사용 생활용품,불공제 가능,높음,R030_PRIVATE_OR_HOME_USE,사업과 직접 관련 없는 개인·가사 지출,대표자 개인사용·가사 지출 등 사업과 직접 관련 없는 지출은 불공제,부가가치세법 제39조 제1항 제4호·시행령 제77조,실제 사용 장소와 사용자 및 회사업무 관련성을 확인하세요.,https://www.law.go.kr/법령/부가가치세법시행령/제77조,소모품비 | 가사용품 | 대표 개인주거지 배송 가사용 생활용품,2026-08-13
프로토타입 1차 스크리닝,18260122-4,과세매입,기업업무추진비,거래처식사,1083000,주요 거래처 임원 4명 접대 목적 저녁식사,불공제 가능,높음,R040_BUSINESS_PROMOTION,기업업무추진비·접대성 지출,기업업무추진비와 유사한 접대성 비용의 매입세액은 불공제,부가가치세법 제39조 제1항 제6호·시행령 제79조,지출 상대방·목적·참석자와 광고선전 또는 복리후생 해당 여부를 확인하세요.,https://www.law.go.kr/법령/부가가치세법시행령/제79조,기업업무추진비 | 거래처식사 | 주요 거래처 임원 4명 접대 목적 저녁식사,2026-08-13
프로토타입 1차 스크리닝,18260123-1,과세매입,지급수수료,자문료,3577000,외부 컨설팅 수수료 - 프로젝트명 미기재,추가검토,높음,R110_MISSING_PURPOSE_DETAIL,사업관련성·사용처 정보 부족,목적·사용자·사용장소가 없으면 사업을 위해 사용한 지출인지 확인할 수 없음,부가가치세법 제38조 제1항·제39조 제1항 제4호,거래 목적·사용자·사용부서·사용장소와 관련 증빙을 입력하세요.,https://www.law.go.kr/법령/부가가치세법/제38조,지급수수료 | 자문료 | 외부 컨설팅 수수료 - 프로젝트명 미기재,2026-08-13
프로토타입 1차 스크리닝,18260123-2,과세매입,비품,노트북,192000,품질관리팀 검사데이터 분석용 노트북 구입,공제 가능,중간,R140_BUSINESS_EQUIPMENT_SERVICE,업무용 비품·설비·관리용역,과세사업 운영에 직접 사용하는 비품·설비·관리용역은 공제 원칙,부가가치세법 제38조 제1항,업무사용 및 과세사업 귀속 증빙을 보관하세요.,https://www.law.go.kr/법령/부가가치세법/제38조,비품 | 노트북 | 품질관리팀 검사데이터 분석용 노트북 구입,2026-08-13
프로토타입 1차 스크리닝,18260123-3,과세매입,복리후생비,식대,855000,주말 식대 6명 - 임직원 여부 미기재,추가검토,높음,R110_MISSING_PURPOSE_DETAIL,사업관련성·사용처 정보 부족,목적·사용자·사용장소가 없으면 사업을 위해 사용한 지출인지 확인할 수 없음,부가가치세법 제38조 제1항·제39조 제1항 제4호,거래 목적·사용자·사용부서·사용장소와 관련 증빙을 입력하세요.,https://www.law.go.kr/법령/부가가치세법/제38조,복리후생비 | 식대 | 주말 식대 6명 - 임직원 여부 미기재,2026-08-13
프로토타입 1차 스크리닝,18260123-4,과세매입,회의비,식대,4258000,외부 참석자 포함 회의 식대 - 참석자 명단 미첨부,추가검토,높음,R110_MISSING_PURPOSE_DETAIL,사업관련성·사용처 정보 부족,목적·사용자·사용장소가 없으면 사업을 위해 사용한 지출인지 확인할 수 없음,부가가치세법 제38조 제1항·제39조 제1항 제4호,거래 목적·사용자·사용부서·사용장소와 관련 증빙을 입력하세요.,https://www.law.go.kr/법령/부가가치세법/제38조,회의비 | 식대 | 외부 참석자 포함 회의 식대 - 참석자 명단 미첨부,2026-08-13
프로토타입 1차 스크리닝,18260124-1,과세매입,복리후생비(관리),직원간식,204000,사무실 전 직원 공용 간식 및 생수 구매,공제 가능,중간,R150_EMPLOYEE_WELFARE_TRAINING,종업원 복리후생·직무교육,종업원 공동 복리후생과 직무 관련 교육은 사업 관련 매입으로 공제 가능,부가가치세법 제38조 제1항,대상자가 종업원인지와 복리후생 기준을 확인하세요.,https://www.law.go.kr/법령/부가가치세법/제38조,복리후생비(관리) | 직원간식 | 사무실 전 직원 공용 간식 및 생수 구매,2026-08-13
프로토타입 1차 스크리닝,18260124-2,과세매입,원자재,포장박스,2810000,"세금계산서 공급자 사업자등록은 가족 명의이나 실운영자가 직접 사업장·직원·재고를 관리하고 포장박스 전량 실제 입고, 수량·단가·대금 일치 확인",추가검토,높음,R010_SUPPLIER_NAME_MISMATCH,명의와 실질 거래주체 판단,세금계산서 명의와 실제 공급자의 일치 여부는 구체적 거래 사실을 확인해야 함,부가가치세법 제39조 제1항 제2호,계약·발주·납품·대금수령 주체와 명의자의 실제 관여를 확인하세요.,https://www.law.go.kr/법령/부가가치세법/제39조,"원자재 | 포장박스 | 세금계산서 공급자 사업자등록은 가족 명의이나 실운영자가 직접 사업장·직원·재고를 관리하고 포장박스 전량 실제 입고, 수량…",2026-08-13
프로토타입 1차 스크리닝,18260124-3,과세매입,교육훈련비,안전교육,737000,생산팀 산업안전·설비조작 교육비,공제 가능,중간,R140_BUSINESS_EQUIPMENT_SERVICE,업무용 비품·설비·관리용역,과세사업 운영에 직접 사용하는 비품·설비·관리용역은 공제 원칙,부가가치세법 제38조 제1항,업무사용 및 과세사업 귀속 증빙을 보관하세요.,https://www.law.go.kr/법령/부가가치세법/제38조,교육훈련비 | 안전교육 | 생산팀 산업안전·설비조작 교육비,2026-08-13
프로토타입 1차 스크리닝,18260124-4,과세매입,광고선전비,제품카탈로그,7518000,"B2B 영업용 제품 카탈로그 2,000부 제작",공제 가능,중간,R160_ADVERTISING_SALES,광고·판매촉진,과세매출을 위한 일반 광고·판매촉진비는 공제 원칙,부가가치세법 제38조 제1항,배포대상과 광고 목적을 확인하세요.,https://www.law.go.kr/법령/부가가치세법/제38조,"광고선전비 | 제품카탈로그 | B2B 영업용 제품 카탈로그 2,000부 제작",2026-08-13
프로토타입 1차 스크리닝,18260125-1,과세매입,외주가공비,도금가공,792000,납품제품 표면 아연도금 외주가공,공제 가능,높음,R130_DIRECT_MATERIAL_OR_PROCESS,과세사업용 원재료·부재료·외주가공,과세사업의 생산·납품에 직접 사용되는 재화·용역은 공제 원칙,부가가치세법 제38조 제1항,과세사업 귀속과 실제 입고·검수 자료를 확인하세요.,https://www.law.go.kr/법령/부가가치세법/제38조,외주가공비 | 도금가공 | 납품제품 표면 아연도금 외주가공,2026-08-13
프로토타입 1차 스크리닝,18260125-2,과세매입,원자재,철판,8026000,A라인 생산용 SS400 철판 원재료 매입,공제 가능,높음,R130_DIRECT_MATERIAL_OR_PROCESS,과세사업용 원재료·부재료·외주가공,과세사업의 생산·납품에 직접 사용되는 재화·용역은 공제 원칙,부가가치세법 제38조 제1항,과세사업 귀속과 실제 입고·검수 자료를 확인하세요.,https://www.law.go.kr/법령/부가가치세법/제38조,원자재 | 철판 | A라인 생산용 SS400 철판 원재료 매입,2026-08-13
프로토타입 1차 스크리닝,18260125-3,과세매입,부재료비,용접봉,2860000,생산공정 용접작업용 용접봉 구매,공제 가능,높음,R130_DIRECT_MATERIAL_OR_PROCESS,과세사업용 원재료·부재료·외주가공,과세사업의 생산·납품에 직접 사용되는 재화·용역은 공제 원칙,부가가치세법 제38조 제1항,과세사업 귀속과 실제 입고·검수 자료를 확인하세요.,https://www.law.go.kr/법령/부가가치세법/제38조,부재료비 | 용접봉 | 생산공정 용접작업용 용접봉 구매,2026-08-13
프로토타입 1차 스크리닝,18260125-4,과세매입,기업업무추진비,골프비,1271000,거래처 관계유지 목적 골프장 이용료,불공제 가능,높음,R040_BUSINESS_PROMOTION,기업업무추진비·접대성 지출,기업업무추진비와 유사한 접대성 비용의 매입세액은 불공제,부가가치세법 제39조 제1항 제6호·시행령 제79조,지출 상대방·목적·참석자와 광고선전 또는 복리후생 해당 여부를 확인하세요.,https://www.law.go.kr/법령/부가가치세법시행령/제79조,기업업무추진비 | 골프비 | 거래처 관계유지 목적 골프장 이용료,2026-08-13
프로토타입 1차 스크리닝,18260126-1,과세매입,광고선전비,기념품,1818000,신제품 홍보용 기념품 구매 - 배포대상 미기재,추가검토,높음,R110_MISSING_PURPOSE_DETAIL,사업관련성·사용처 정보 부족,목적·사용자·사용장소가 없으면 사업을 위해 사용한 지출인지 확인할 수 없음,부가가치세법 제38조 제1항·제39조 제1항 제4호,거래 목적·사용자·사용부서·사용장소와 관련 증빙을 입력하세요.,https://www.law.go.kr/법령/부가가치세법/제38조,광고선전비 | 기념품 | 신제품 홍보용 기념품 구매 - 배포대상 미기재,2026-08-13
프로토타입 1차 스크리닝,18260126-2,과세매입,교육훈련비,안전교육,3958000,생산팀 산업안전·설비조작 교육비,공제 가능,중간,R140_BUSINESS_EQUIPMENT_SERVICE,업무용 비품·설비·관리용역,과세사업 운영에 직접 사용하는 비품·설비·관리용역은 공제 원칙,부가가치세법 제38조 제1항,업무사용 및 과세사업 귀속 증빙을 보관하세요.,https://www.law.go.kr/법령/부가가치세법/제38조,교육훈련비 | 안전교육 | 생산팀 산업안전·설비조작 교육비,2026-08-13
프로토타입 1차 스크리닝,18260126-3,과세매입,소모품비(생산),안전장갑,7387000,현장 생산직 지급용 안전장갑 구매,공제 가능,높음,R130_DIRECT_MATERIAL_OR_PROCESS,과세사업용 원재료·부재료·외주가공,과세사업의 생산·납품에 직접 사용되는 재화·용역은 공제 원칙,부가가치세법 제38조 제1항,과세사업 귀속과 실제 입고·검수 자료를 확인하세요.,https://www.law.go.kr/법령/부가가치세법/제38조,소모품비(생산) | 안전장갑 | 현장 생산직 지급용 안전장갑 구매,2026-08-13
프로토타입 1차 스크리닝,18260126-4,과세매입,원자재,스프원료,1830000,공급자 등록명의와 실운영자 상이. 실운영자가 계약·납품·대금수령 전담했고 세금계산서 기재 수량과 실제 검수수량·가격이 일치,추가검토,높음,R010_SUPPLIER_NAME_MISMATCH,명의와 실질 거래주체 판단,세금계산서 명의와 실제 공급자의 일치 여부는 구체적 거래 사실을 확인해야 함,부가가치세법 제39조 제1항 제2호,계약·발주·납품·대금수령 주체와 명의자의 실제 관여를 확인하세요.,https://www.law.go.kr/법령/부가가치세법/제39조,원자재 | 스프원료 | 공급자 등록명의와 실운영자 상이. 실운영자가 계약·납품·대금수령 전담했고 세금계산서 기재 수량과 실제 검수수량·가격이 일치,2026-08-13
프로토타입 1차 스크리닝,18260127-1,과세매입,차량유지비,승용차수리,1845000,"관리팀 1,600cc 승용차 엔진오일 및 수리",불공제 가능,높음,R050_SMALL_PASSENGER_CAR,비영업용 소형승용자동차 관련,직접 영업에 쓰는 예외 업종 외 소형승용차의 구입·임차·유지는 불공제,부가가치세법 제39조 제1항 제5호·시행령 제78조,차종·정원·배기량·차량번호와 직접 영업 사용 여부를 확인하세요.,https://www.law.go.kr/법령/부가가치세법시행령/제78조,"차량유지비 | 승용차수리 | 관리팀 1,600cc 승용차 엔진오일 및 수리",2026-08-13
프로토타입 1차 스크리닝,18260127-2,과세매입,차량유지비,승용차유류,635000,"대표이사 업무용 2,000cc 승용차 주유",불공제 가능,높음,R050_SMALL_PASSENGER_CAR,비영업용 소형승용자동차 관련,직접 영업에 쓰는 예외 업종 외 소형승용차의 구입·임차·유지는 불공제,부가가치세법 제39조 제1항 제5호·시행령 제78조,차종·정원·배기량·차량번호와 직접 영업 사용 여부를 확인하세요.,https://www.law.go.kr/법령/부가가치세법시행령/제78조,"차량유지비 | 승용차유류 | 대표이사 업무용 2,000cc 승용차 주유",2026-08-13
프로토타입 1차 스크리닝,18260127-3,과세매입,소모품비,가사용품,1816000,대표 개인주거지 배송 가사용 생활용품,불공제 가능,높음,R030_PRIVATE_OR_HOME_USE,사업과 직접 관련 없는 개인·가사 지출,대표자 개인사용·가사 지출 등 사업과 직접 관련 없는 지출은 불공제,부가가치세법 제39조 제1항 제4호·시행령 제77조,실제 사용 장소와 사용자 및 회사업무 관련성을 확인하세요.,https://www.law.go.kr/법령/부가가치세법시행령/제77조,소모품비 | 가사용품 | 대표 개인주거지 배송 가사용 생활용품,2026-08-13
프로토타입 1차 스크리닝,18260127-4,과세매입,수선비,시설수리,848000,건물 시설 수리비 - 사업장/사택 구분 미기재,추가검토,높음,R110_MISSING_PURPOSE_DETAIL,사업관련성·사용처 정보 부족,목적·사용자·사용장소가 없으면 사업을 위해 사용한 지출인지 확인할 수 없음,부가가치세법 제38조 제1항·제39조 제1항 제4호,거래 목적·사용자·사용부서·사용장소와 관련 증빙을 입력하세요.,https://www.law.go.kr/법령/부가가치세법/제38조,수선비 | 시설수리 | 건물 시설 수리비 - 사업장/사택 구분 미기재,2026-08-13
프로토타입 1차 스크리닝,18260128-1,과세매입,원자재,베어링,5650000,감속기 조립용 베어링 생산자재 매입,공제 가능,높음,R130_DIRECT_MATERIAL_OR_PROCESS,과세사업용 원재료·부재료·외주가공,과세사업의 생산·납품에 직접 사용되는 재화·용역은 공제 원칙,부가가치세법 제38조 제1항,과세사업 귀속과 실제 입고·검수 자료를 확인하세요.,https://www.law.go.kr/법령/부가가치세법/제38조,원자재 | 베어링 | 감속기 조립용 베어링 생산자재 매입,2026-08-13
프로토타입 1차 스크리닝,18260128-2,과세매입,소모품비,전자기기,1238000,태블릿PC 구매 - 사용자 및 사용부서 미기재,추가검토,높음,R110_MISSING_PURPOSE_DETAIL,사업관련성·사용처 정보 부족,목적·사용자·사용장소가 없으면 사업을 위해 사용한 지출인지 확인할 수 없음,부가가치세법 제38조 제1항·제39조 제1항 제4호,거래 목적·사용자·사용부서·사용장소와 관련 증빙을 입력하세요.,https://www.law.go.kr/법령/부가가치세법/제38조,소모품비 | 전자기기 | 태블릿PC 구매 - 사용자 및 사용부서 미기재,2026-08-13
프로토타입 1차 스크리닝,18260128-3,과세매입,광고선전비,기념품,1864000,신제품 홍보용 기념품 구매 - 배포대상 미기재,추가검토,높음,R110_MISSING_PURPOSE_DETAIL,사업관련성·사용처 정보 부족,목적·사용자·사용장소가 없으면 사업을 위해 사용한 지출인지 확인할 수 없음,부가가치세법 제38조 제1항·제39조 제1항 제4호,거래 목적·사용자·사용부서·사용장소와 관련 증빙을 입력하세요.,https://www.law.go.kr/법령/부가가치세법/제38조,광고선전비 | 기념품 | 신제품 홍보용 기념품 구매 - 배포대상 미기재,2026-08-13
프로토타입 1차 스크리닝,18260128-4,과세매입,교육훈련비,안전교육,5377000,생산팀 산업안전·설비조작 교육비,공제 가능,중간,R140_BUSINESS_EQUIPMENT_SERVICE,업무용 비품·설비·관리용역,과세사업 운영에 직접 사용하는 비품·설비·관리용역은 공제 원칙,부가가치세법 제38조 제1항,업무사용 및 과세사업 귀속 증빙을 보관하세요.,https://www.law.go.kr/법령/부가가치세법/제38조,교육훈련비 | 안전교육 | 생산팀 산업안전·설비조작 교육비,2026-08-13
프로토타입 1차 스크리닝,18260129-1,과세매입,차량유지비,승용차유류,765000,"대표이사 업무용 2,000cc 승용차 주유",불공제 가능,높음,R050_SMALL_PASSENGER_CAR,비영업용 소형승용자동차 관련,직접 영업에 쓰는 예외 업종 외 소형승용차의 구입·임차·유지는 불공제,부가가치세법 제39조 제1항 제5호·시행령 제78조,차종·정원·배기량·차량번호와 직접 영업 사용 여부를 확인하세요.,https://www.law.go.kr/법령/부가가치세법시행령/제78조,"차량유지비 | 승용차유류 | 대표이사 업무용 2,000cc 승용차 주유",2026-08-13
프로토타입 1차 스크리닝,18260129-2,과세매입,부재료비,포장필름,5730000,"형식상 제3자 명의 사업자등록이나 실운영자가 생산설비·직원·계좌를 직접 관리, 거래명세·입고수량·세금계산서 금액 모두 일치",추가검토,높음,R010_SUPPLIER_NAME_MISMATCH,명의와 실질 거래주체 판단,세금계산서 명의와 실제 공급자의 일치 여부는 구체적 거래 사실을 확인해야 함,부가가치세법 제39조 제1항 제2호,계약·발주·납품·대금수령 주체와 명의자의 실제 관여를 확인하세요.,https://www.law.go.kr/법령/부가가치세법/제39조,"부재료비 | 포장필름 | 형식상 제3자 명의 사업자등록이나 실운영자가 생산설비·직원·계좌를 직접 관리, 거래명세·입고수량·세…",2026-08-13
프로토타입 1차 스크리닝,18260129-3,과세매입,외주가공비,도금가공,3768000,납품제품 표면 아연도금 외주가공,공제 가능,높음,R130_DIRECT_MATERIAL_OR_PROCESS,과세사업용 원재료·부재료·외주가공,과세사업의 생산·납품에 직접 사용되는 재화·용역은 공제 원칙,부가가치세법 제38조 제1항,과세사업 귀속과 실제 입고·검수 자료를 확인하세요.,https://www.law.go.kr/법령/부가가치세법/제38조,외주가공비 | 도금가공 | 납품제품 표면 아연도금 외주가공,2026-08-13
프로토타입 1차 스크리닝,18260129-4,과세매입,복리후생비(생산),생산직원식대,2172000,야간 잔업 생산직원 식대 18명,공제 가능,중간,R150_EMPLOYEE_WELFARE_TRAINING,종업원 복리후생·직무교육,종업원 공동 복리후생과 직무 관련 교육은 사업 관련 매입으로 공제 가능,부가가치세법 제38조 제1항,대상자가 종업원인지와 복리후생 기준을 확인하세요.,https://www.law.go.kr/법령/부가가치세법/제38조,복리후생비(생산) | 생산직원식대 | 야간 잔업 생산직원 식대 18명,2026-08-13
프로토타입 1차 스크리닝,18260130-1,과세매입,복리후생비(생산),생산직원식대,7478000,야간 잔업 생산직원 식대 18명,공제 가능,중간,R150_EMPLOYEE_WELFARE_TRAINING,종업원 복리후생·직무교육,종업원 공동 복리후생과 직무 관련 교육은 사업 관련 매입으로 공제 가능,부가가치세법 제38조 제1항,대상자가 종업원인지와 복리후생 기준을 확인하세요.,https://www.law.go.kr/법령/부가가치세법/제38조,복리후생비(생산) | 생산직원식대 | 야간 잔업 생산직원 식대 18명,2026-08-13
프로토타입 1차 스크리닝,18260130-2,과세매입,지급수수료,회계감사,8011000,외부감사 대응 재고실사 및 회계자문 수수료,공제 가능,중간,R140_BUSINESS_EQUIPMENT_SERVICE,업무용 비품·설비·관리용역,과세사업 운영에 직접 사용하는 비품·설비·관리용역은 공제 원칙,부가가치세법 제38조 제1항,업무사용 및 과세사업 귀속 증빙을 보관하세요.,https://www.law.go.kr/법령/부가가치세법/제38조,지급수수료 | 회계감사 | 외부감사 대응 재고실사 및 회계자문 수수료,2026-08-13
프로토타입 1차 스크리닝,18260130-3,과세매입,복리후생비,개인용품,2003000,대표이사 자택 사용 가전제품 구매,불공제 가능,높음,R030_PRIVATE_OR_HOME_USE,사업과 직접 관련 없는 개인·가사 지출,대표자 개인사용·가사 지출 등 사업과 직접 관련 없는 지출은 불공제,부가가치세법 제39조 제1항 제4호·시행령 제77조,실제 사용 장소와 사용자 및 회사업무 관련성을 확인하세요.,https://www.law.go.kr/법령/부가가치세법시행령/제77조,복리후생비 | 개인용품 | 대표이사 자택 사용 가전제품 구매,2026-08-13
프로토타입 1차 스크리닝,18260130-4,과세매입,지급수수료,자문료,3832000,외부 컨설팅 수수료 - 프로젝트명 미기재,추가검토,높음,R110_MISSING_PURPOSE_DETAIL,사업관련성·사용처 정보 부족,목적·사용자·사용장소가 없으면 사업을 위해 사용한 지출인지 확인할 수 없음,부가가치세법 제38조 제1항·제39조 제1항 제4호,거래 목적·사용자·사용부서·사용장소와 관련 증빙을 입력하세요.,https://www.law.go.kr/법령/부가가치세법/제38조,지급수수료 | 자문료 | 외부 컨설팅 수수료 - 프로젝트명 미기재,2026-08-13
프로토타입 1차 스크리닝,18260131-1,과세매입,지급수수료,회계감사,6343000,외부감사 대응 재고실사 및 회계자문 수수료,공제 가능,중간,R140_BUSINESS_EQUIPMENT_SERVICE,업무용 비품·설비·관리용역,과세사업 운영에 직접 사용하는 비품·설비·관리용역은 공제 원칙,부가가치세법 제38조 제1항,업무사용 및 과세사업 귀속 증빙을 보관하세요.,https://www.law.go.kr/법령/부가가치세법/제38조,지급수수료 | 회계감사 | 외부감사 대응 재고실사 및 회계자문 수수료,2026-08-13
프로토타입 1차 스크리닝,18260131-2,과세매입,비품,노트북,3236000,품질관리팀 검사데이터 분석용 노트북 구입,공제 가능,중간,R140_BUSINESS_EQUIPMENT_SERVICE,업무용 비품·설비·관리용역,과세사업 운영에 직접 사용하는 비품·설비·관리용역은 공제 원칙,부가가치세법 제38조 제1항,업무사용 및 과세사업 귀속 증빙을 보관하세요.,https://www.law.go.kr/법령/부가가치세법/제38조,비품 | 노트북 | 품질관리팀 검사데이터 분석용 노트북 구입,2026-08-13
프로토타입 1차 스크리닝,18260131-3,과세매입,소모품비(생산),안전장갑,1305000,현장 생산직 지급용 안전장갑 구매,공제 가능,높음,R130_DIRECT_MATERIAL_OR_PROCESS,과세사업용 원재료·부재료·외주가공,과세사업의 생산·납품에 직접 사용되는 재화·용역은 공제 원칙,부가가치세법 제38조 제1항,과세사업 귀속과 실제 입고·검수 자료를 확인하세요.,https://www.law.go.kr/법령/부가가치세법/제38조,소모품비(생산) | 안전장갑 | 현장 생산직 지급용 안전장갑 구매,2026-08-13
프로토타입 1차 스크리닝,18260131-4,과세매입,외주가공비,절삭가공,680000,"외주업체 사업자등록 명의자는 배우자이나 실제 운영자가 수년간 직접 공장 운영·견적·납품·대금관리, 가공품 수량·단가 일치",추가검토,높음,R010_SUPPLIER_NAME_MISMATCH,명의와 실질 거래주체 판단,세금계산서 명의와 실제 공급자의 일치 여부는 구체적 거래 사실을 확인해야 함,부가가치세법 제39조 제1항 제2호,계약·발주·납품·대금수령 주체와 명의자의 실제 관여를 확인하세요.,https://www.law.go.kr/법령/부가가치세법/제39조,"외주가공비 | 절삭가공 | 외주업체 사업자등록 명의자는 배우자이나 실제 운영자가 수년간 직접 공장 운영·견적·납품·대금관리, 가공품 수량·단가 일치",2026-08-13
프로토타입 1차 스크리닝,18260201-1,과세매입,소모품비,가사용품,2101000,대표 개인주거지 배송 가사용 생활용품,불공제 가능,높음,R030_PRIVATE_OR_HOME_USE,사업과 직접 관련 없는 개인·가사 지출,대표자 개인사용·가사 지출 등 사업과 직접 관련 없는 지출은 불공제,부가가치세법 제39조 제1항 제4호·시행령 제77조,실제 사용 장소와 사용자 및 회사업무 관련성을 확인하세요.,https://www.law.go.kr/법령/부가가치세법시행령/제77조,소모품비 | 가사용품 | 대표 개인주거지 배송 가사용 생활용품,2026-08-13
프로토타입 1차 스크리닝,18260201-2,과세매입,임차료,승용차렌트,1030000,영업관리용 5인승 승용차 월 렌트료,불공제 가능,높음,R050_SMALL_PASSENGER_CAR,비영업용 소형승용자동차 관련,직접 영업에 쓰는 예외 업종 외 소형승용차의 구입·임차·유지는 불공제,부가가치세법 제39조 제1항 제5호·시행령 제78조,차종·정원·배기량·차량번호와 직접 영업 사용 여부를 확인하세요.,https://www.law.go.kr/법령/부가가치세법시행령/제78조,임차료 | 승용차렌트 | 영업관리용 5인승 승용차 월 렌트료,2026-08-13
프로토타입 1차 스크리닝,18260201-3,과세매입,소모품비,전자기기,2931000,태블릿PC 구매 - 사용자 및 사용부서 미기재,추가검토,높음,R110_MISSING_PURPOSE_DETAIL,사업관련성·사용처 정보 부족,목적·사용자·사용장소가 없으면 사업을 위해 사용한 지출인지 확인할 수 없음,부가가치세법 제38조 제1항·제39조 제1항 제4호,거래 목적·사용자·사용부서·사용장소와 관련 증빙을 입력하세요.,https://www.law.go.kr/법령/부가가치세법/제38조,소모품비 | 전자기기 | 태블릿PC 구매 - 사용자 및 사용부서 미기재,2026-08-13
프로토타입 1차 스크리닝,18260201-4,과세매입,통신비,법인휴대폰,5235000,영업팀 법인명의 업무용 휴대전화 요금,공제 가능,중간,R140_BUSINESS_EQUIPMENT_SERVICE,업무용 비품·설비·관리용역,과세사업 운영에 직접 사용하는 비품·설비·관리용역은 공제 원칙,부가가치세법 제38조 제1항,업무사용 및 과세사업 귀속 증빙을 보관하세요.,https://www.law.go.kr/법령/부가가치세법/제38조,통신비 | 법인휴대폰 | 영업팀 법인명의 업무용 휴대전화 요금,2026-08-13
프로토타입 1차 스크리닝,18260202-1,과세매입,수선비,시설수리,1295000,건물 시설 수리비 - 사업장/사택 구분 미기재,추가검토,높음,R110_MISSING_PURPOSE_DETAIL,사업관련성·사용처 정보 부족,목적·사용자·사용장소가 없으면 사업을 위해 사용한 지출인지 확인할 수 없음,부가가치세법 제38조 제1항·제39조 제1항 제4호,거래 목적·사용자·사용부서·사용장소와 관련 증빙을 입력하세요.,https://www.law.go.kr/법령/부가가치세법/제38조,수선비 | 시설수리 | 건물 시설 수리비 - 사업장/사택 구분 미기재,2026-08-13
프로토타입 1차 스크리닝,18260202-2,과세매입,회의비,식대,3425000,외부 참석자 포함 회의 식대 - 참석자 명단 미첨부,추가검토,높음,R110_MISSING_PURPOSE_DETAIL,사업관련성·사용처 정보 부족,목적·사용자·사용장소가 없으면 사업을 위해 사용한 지출인지 확인할 수 없음,부가가치세법 제38조 제1항·제39조 제1항 제4호,거래 목적·사용자·사용부서·사용장소와 관련 증빙을 입력하세요.,https://www.law.go.kr/법령/부가가치세법/제38조,회의비 | 식대 | 외부 참석자 포함 회의 식대 - 참석자 명단 미첨부,2026-08-13
프로토타입 1차 스크리닝,18260202-3,과세매입,수선비,설비수리,76000,CNC 선반 스핀들 고장 수리 및 부품교체,공제 가능,중간,R140_BUSINESS_EQUIPMENT_SERVICE,업무용 비품·설비·관리용역,과세사업 운영에 직접 사용하는 비품·설비·관리용역은 공제 원칙,부가가치세법 제38조 제1항,업무사용 및 과세사업 귀속 증빙을 보관하세요.,https://www.law.go.kr/법령/부가가치세법/제38조,수선비 | 설비수리 | CNC 선반 스핀들 고장 수리 및 부품교체,2026-08-13
프로토타입 1차 스크리닝,18260202-4,과세매입,기업업무추진비,거래처선물,500000,거래처 대표 명절 선물세트 제공,불공제 가능,높음,R040_BUSINESS_PROMOTION,기업업무추진비·접대성 지출,기업업무추진비와 유사한 접대성 비용의 매입세액은 불공제,부가가치세법 제39조 제1항 제6호·시행령 제79조,지출 상대방·목적·참석자와 광고선전 또는 복리후생 해당 여부를 확인하세요.,https://www.law.go.kr/법령/부가가치세법시행령/제79조,기업업무추진비 | 거래처선물 | 거래처 대표 명절 선물세트 제공,2026-08-13
프로토타입 1차 스크리닝,18260203-1,과세매입,부재료비,용접봉,6197000,생산공정 용접작업용 용접봉 구매,공제 가능,높음,R130_DIRECT_MATERIAL_OR_PROCESS,과세사업용 원재료·부재료·외주가공,과세사업의 생산·납품에 직접 사용되는 재화·용역은 공제 원칙,부가가치세법 제38조 제1항,과세사업 귀속과 실제 입고·검수 자료를 확인하세요.,https://www.law.go.kr/법령/부가가치세법/제38조,부재료비 | 용접봉 | 생산공정 용접작업용 용접봉 구매,2026-08-13
프로토타입 1차 스크리닝,18260203-2,과세매입,원자재,알루미늄판,3480000,세금계산서 명의와 실운영자 이름이 다르나 실제 운영자가 발주협의·출고·대금정산을 직접 수행하고 알루미늄판 전량 입고 확인,추가검토,높음,R010_SUPPLIER_NAME_MISMATCH,명의와 실질 거래주체 판단,세금계산서 명의와 실제 공급자의 일치 여부는 구체적 거래 사실을 확인해야 함,부가가치세법 제39조 제1항 제2호,계약·발주·납품·대금수령 주체와 명의자의 실제 관여를 확인하세요.,https://www.law.go.kr/법령/부가가치세법/제39조,원자재 | 알루미늄판 | 세금계산서 명의와 실운영자 이름이 다르나 실제 운영자가 발주협의·출고·대금정산을 직접 수행하고 알루미늄판…,2026-08-13
프로토타입 1차 스크리닝,18260203-3,과세매입,복리후생비(관리),직원간식,6129000,사무실 전 직원 공용 간식 및 생수 구매,공제 가능,중간,R150_EMPLOYEE_WELFARE_TRAINING,종업원 복리후생·직무교육,종업원 공동 복리후생과 직무 관련 교육은 사업 관련 매입으로 공제 가능,부가가치세법 제38조 제1항,대상자가 종업원인지와 복리후생 기준을 확인하세요.,https://www.law.go.kr/법령/부가가치세법/제38조,복리후생비(관리) | 직원간식 | 사무실 전 직원 공용 간식 및 생수 구매,2026-08-13
프로토타입 1차 스크리닝,18260203-4,과세매입,교육훈련비,안전교육,5606000,생산팀 산업안전·설비조작 교육비,공제 가능,중간,R140_BUSINESS_EQUIPMENT_SERVICE,업무용 비품·설비·관리용역,과세사업 운영에 직접 사용하는 비품·설비·관리용역은 공제 원칙,부가가치세법 제38조 제1항,업무사용 및 과세사업 귀속 증빙을 보관하세요.,https://www.law.go.kr/법령/부가가치세법/제38조,교육훈련비 | 안전교육 | 생산팀 산업안전·설비조작 교육비,2026-08-13
프로토타입 1차 스크리닝,18260204-1,과세매입,지급수수료,회계감사,7862000,외부감사 대응 재고실사 및 회계자문 수수료,공제 가능,중간,R140_BUSINESS_EQUIPMENT_SERVICE,업무용 비품·설비·관리용역,과세사업 운영에 직접 사용하는 비품·설비·관리용역은 공제 원칙,부가가치세법 제38조 제1항,업무사용 및 과세사업 귀속 증빙을 보관하세요.,https://www.law.go.kr/법령/부가가치세법/제38조,지급수수료 | 회계감사 | 외부감사 대응 재고실사 및 회계자문 수수료,2026-08-13
프로토타입 1차 스크리닝,18260204-2,과세매입,기업업무추진비,거래처식사,360000,주요 거래처 임원 4명 접대 목적 저녁식사,불공제 가능,높음,R040_BUSINESS_PROMOTION,기업업무추진비·접대성 지출,기업업무추진비와 유사한 접대성 비용의 매입세액은 불공제,부가가치세법 제39조 제1항 제6호·시행령 제79조,지출 상대방·목적·참석자와 광고선전 또는 복리후생 해당 여부를 확인하세요.,https://www.law.go.kr/법령/부가가치세법시행령/제79조,기업업무추진비 | 거래처식사 | 주요 거래처 임원 4명 접대 목적 저녁식사,2026-08-13
프로토타입 1차 스크리닝,18260204-3,과세매입,수선비,시설수리,834000,건물 시설 수리비 - 사업장/사택 구분 미기재,추가검토,높음,R110_MISSING_PURPOSE_DETAIL,사업관련성·사용처 정보 부족,목적·사용자·사용장소가 없으면 사업을 위해 사용한 지출인지 확인할 수 없음,부가가치세법 제38조 제1항·제39조 제1항 제4호,거래 목적·사용자·사용부서·사용장소와 관련 증빙을 입력하세요.,https://www.law.go.kr/법령/부가가치세법/제38조,수선비 | 시설수리 | 건물 시설 수리비 - 사업장/사택 구분 미기재,2026-08-13
프로토타입 1차 스크리닝,18260204-4,과세매입,외주가공비,도금가공,4783000,납품제품 표면 아연도금 외주가공,공제 가능,높음,R130_DIRECT_MATERIAL_OR_PROCESS,과세사업용 원재료·부재료·외주가공,과세사업의 생산·납품에 직접 사용되는 재화·용역은 공제 원칙,부가가치세법 제38조 제1항,과세사업 귀속과 실제 입고·검수 자료를 확인하세요.,https://www.law.go.kr/법령/부가가치세법/제38조,외주가공비 | 도금가공 | 납품제품 표면 아연도금 외주가공,2026-08-13
프로토타입 1차 스크리닝,18260205-1,과세매입,통신비,법인휴대폰,5818000,영업팀 법인명의 업무용 휴대전화 요금,공제 가능,중간,R140_BUSINESS_EQUIPMENT_SERVICE,업무용 비품·설비·관리용역,과세사업 운영에 직접 사용하는 비품·설비·관리용역은 공제 원칙,부가가치세법 제38조 제1항,업무사용 및 과세사업 귀속 증빙을 보관하세요.,https://www.law.go.kr/법령/부가가치세법/제38조,통신비 | 법인휴대폰 | 영업팀 법인명의 업무용 휴대전화 요금,2026-08-13
프로토타입 1차 스크리닝,18260205-2,과세매입,소모품비(생산),안전장갑,1242000,현장 생산직 지급용 안전장갑 구매,공제 가능,높음,R130_DIRECT_MATERIAL_OR_PROCESS,과세사업용 원재료·부재료·외주가공,과세사업의 생산·납품에 직접 사용되는 재화·용역은 공제 원칙,부가가치세법 제38조 제1항,과세사업 귀속과 실제 입고·검수 자료를 확인하세요.,https://www.law.go.kr/법령/부가가치세법/제38조,소모품비(생산) | 안전장갑 | 현장 생산직 지급용 안전장갑 구매,2026-08-13
프로토타입 1차 스크리닝,18260205-3,과세매입,연구개발비,시제품재료,2002000,신형 펌프 시제품 제작용 테스트 재료비,공제 가능,높음,R130_DIRECT_MATERIAL_OR_PROCESS,과세사업용 원재료·부재료·외주가공,과세사업의 생산·납품에 직접 사용되는 재화·용역은 공제 원칙,부가가치세법 제38조 제1항,과세사업 귀속과 실제 입고·검수 자료를 확인하세요.,https://www.law.go.kr/법령/부가가치세법/제38조,연구개발비 | 시제품재료 | 신형 펌프 시제품 제작용 테스트 재료비,2026-08-13
프로토타입 1차 스크리닝,18260205-4,과세매입,원자재,고무패킹,5810000,"공급처는 가족 명의 사업자등록. 실운영자가 해당 사업체를 독립적으로 운영하고 직원급여·재고·매출대금 관리, 실제 납품내역과 세금계산서 일치",추가검토,높음,R010_SUPPLIER_NAME_MISMATCH,명의와 실질 거래주체 판단,세금계산서 명의와 실제 공급자의 일치 여부는 구체적 거래 사실을 확인해야 함,부가가치세법 제39조 제1항 제2호,계약·발주·납품·대금수령 주체와 명의자의 실제 관여를 확인하세요.,https://www.law.go.kr/법령/부가가치세법/제39조,원자재 | 고무패킹 | 공급처는 가족 명의 사업자등록. 실운영자가 해당 사업체를 독립적으로 운영하고 직원급여·재고·매출대금…,2026-08-13
프로토타입 1차 스크리닝,18260206-1,과세매입,기업업무추진비,거래처선물,2300000,거래처 대표 명절 선물세트 제공,불공제 가능,높음,R040_BUSINESS_PROMOTION,기업업무추진비·접대성 지출,기업업무추진비와 유사한 접대성 비용의 매입세액은 불공제,부가가치세법 제39조 제1항 제6호·시행령 제79조,지출 상대방·목적·참석자와 광고선전 또는 복리후생 해당 여부를 확인하세요.,https://www.law.go.kr/법령/부가가치세법시행령/제79조,기업업무추진비 | 거래처선물 | 거래처 대표 명절 선물세트 제공,2026-08-13
프로토타입 1차 스크리닝,18260206-2,과세매입,회의비,식대,2108000,외부 참석자 포함 회의 식대 - 참석자 명단 미첨부,추가검토,높음,R110_MISSING_PURPOSE_DETAIL,사업관련성·사용처 정보 부족,목적·사용자·사용장소가 없으면 사업을 위해 사용한 지출인지 확인할 수 없음,부가가치세법 제38조 제1항·제39조 제1항 제4호,거래 목적·사용자·사용부서·사용장소와 관련 증빙을 입력하세요.,https://www.law.go.kr/법령/부가가치세법/제38조,회의비 | 식대 | 외부 참석자 포함 회의 식대 - 참석자 명단 미첨부,2026-08-13
프로토타입 1차 스크리닝,18260206-3,과세매입,부재료비,용접봉,5997000,생산공정 용접작업용 용접봉 구매,공제 가능,높음,R130_DIRECT_MATERIAL_OR_PROCESS,과세사업용 원재료·부재료·외주가공,과세사업의 생산·납품에 직접 사용되는 재화·용역은 공제 원칙,부가가치세법 제38조 제1항,과세사업 귀속과 실제 입고·검수 자료를 확인하세요.,https://www.law.go.kr/법령/부가가치세법/제38조,부재료비 | 용접봉 | 생산공정 용접작업용 용접봉 구매,2026-08-13
프로토타입 1차 스크리닝,18260206-4,과세매입,지급수수료,자문료,4122000,외부 컨설팅 수수료 - 프로젝트명 미기재,추가검토,높음,R110_MISSING_PURPOSE_DETAIL,사업관련성·사용처 정보 부족,목적·사용자·사용장소가 없으면 사업을 위해 사용한 지출인지 확인할 수 없음,부가가치세법 제38조 제1항·제39조 제1항 제4호,거래 목적·사용자·사용부서·사용장소와 관련 증빙을 입력하세요.,https://www.law.go.kr/법령/부가가치세법/제38조,지급수수료 | 자문료 | 외부 컨설팅 수수료 - 프로젝트명 미기재,2026-08-13
프로토타입 1차 스크리닝,18260207-1,과세매입,소모품비,전자기기,992000,태블릿PC 구매 - 사용자 및 사용부서 미기재,추가검토,높음,R110_MISSING_PURPOSE_DETAIL,사업관련성·사용처 정보 부족,목적·사용자·사용장소가 없으면 사업을 위해 사용한 지출인지 확인할 수 없음,부가가치세법 제38조 제1항·제39조 제1항 제4호,거래 목적·사용자·사용부서·사용장소와 관련 증빙을 입력하세요.,https://www.law.go.kr/법령/부가가치세법/제38조,소모품비 | 전자기기 | 태블릿PC 구매 - 사용자 및 사용부서 미기재,2026-08-13
프로토타입 1차 스크리닝,18260207-2,과세매입,연구개발비,시제품재료,7045000,신형 펌프 시제품 제작용 테스트 재료비,공제 가능,높음,R130_DIRECT_MATERIAL_OR_PROCESS,과세사업용 원재료·부재료·외주가공,과세사업의 생산·납품에 직접 사용되는 재화·용역은 공제 원칙,부가가치세법 제38조 제1항,과세사업 귀속과 실제 입고·검수 자료를 확인하세요.,https://www.law.go.kr/법령/부가가치세법/제38조,연구개발비 | 시제품재료 | 신형 펌프 시제품 제작용 테스트 재료비,2026-08-13
프로토타입 1차 스크리닝,18260207-3,과세매입,기업업무추진비,거래처식사,1141000,주요 거래처 임원 4명 접대 목적 저녁식사,불공제 가능,높음,R040_BUSINESS_PROMOTION,기업업무추진비·접대성 지출,기업업무추진비와 유사한 접대성 비용의 매입세액은 불공제,부가가치세법 제39조 제1항 제6호·시행령 제79조,지출 상대방·목적·참석자와 광고선전 또는 복리후생 해당 여부를 확인하세요.,https://www.law.go.kr/법령/부가가치세법시행령/제79조,기업업무추진비 | 거래처식사 | 주요 거래처 임원 4명 접대 목적 저녁식사,2026-08-13
프로토타입 1차 스크리닝,18260207-4,과세매입,운반비,화물운송,6344000,완제품 거래처 납품용 5톤 화물운송,공제 가능,중간,R140_BUSINESS_EQUIPMENT_SERVICE,업무용 비품·설비·관리용역,과세사업 운영에 직접 사용하는 비품·설비·관리용역은 공제 원칙,부가가치세법 제38조 제1항,업무사용 및 과세사업 귀속 증빙을 보관하세요.,https://www.law.go.kr/법령/부가가치세법/제38조,운반비 | 화물운송 | 완제품 거래처 납품용 5톤 화물운송,2026-08-13
프로토타입 1차 스크리닝,18260208-1,과세매입,연구개발비,시제품재료,3193000,신형 펌프 시제품 제작용 테스트 재료비,공제 가능,높음,R130_DIRECT_MATERIAL_OR_PROCESS,과세사업용 원재료·부재료·외주가공,과세사업의 생산·납품에 직접 사용되는 재화·용역은 공제 원칙,부가가치세법 제38조 제1항,과세사업 귀속과 실제 입고·검수 자료를 확인하세요.,https://www.law.go.kr/법령/부가가치세법/제38조,연구개발비 | 시제품재료 | 신형 펌프 시제품 제작용 테스트 재료비,2026-08-13
프로토타입 1차 스크리닝,18260208-2,과세매입,부재료비,볼트세트,6000000,제3자 명의 사업자등록 사용 사실 확인. 다만 실운영자가 직접 거래했고 물품 수량·가격·입고일·계좌이체가 세금계산서와 일치,추가검토,높음,R010_SUPPLIER_NAME_MISMATCH,명의와 실질 거래주체 판단,세금계산서 명의와 실제 공급자의 일치 여부는 구체적 거래 사실을 확인해야 함,부가가치세법 제39조 제1항 제2호,계약·발주·납품·대금수령 주체와 명의자의 실제 관여를 확인하세요.,https://www.law.go.kr/법령/부가가치세법/제39조,부재료비 | 볼트세트 | 제3자 명의 사업자등록 사용 사실 확인. 다만 실운영자가 직접 거래했고 물품 수량·가격·입고…,2026-08-13
프로토타입 1차 스크리닝,18260208-3,과세매입,교육훈련비,안전교육,8821000,생산팀 산업안전·설비조작 교육비,공제 가능,중간,R140_BUSINESS_EQUIPMENT_SERVICE,업무용 비품·설비·관리용역,과세사업 운영에 직접 사용하는 비품·설비·관리용역은 공제 원칙,부가가치세법 제38조 제1항,업무사용 및 과세사업 귀속 증빙을 보관하세요.,https://www.law.go.kr/법령/부가가치세법/제38조,교육훈련비 | 안전교육 | 생산팀 산업안전·설비조작 교육비,2026-08-13
프로토타입 1차 스크리닝,18260208-4,과세매입,원자재,베어링,4802000,감속기 조립용 베어링 생산자재 매입,공제 가능,높음,R130_DIRECT_MATERIAL_OR_PROCESS,과세사업용 원재료·부재료·외주가공,과세사업의 생산·납품에 직접 사용되는 재화·용역은 공제 원칙,부가가치세법 제38조 제1항,과세사업 귀속과 실제 입고·검수 자료를 확인하세요.,https://www.law.go.kr/법령/부가가치세법/제38조,원자재 | 베어링 | 감속기 조립용 베어링 생산자재 매입,2026-08-13
프로토타입 1차 스크리닝,18260209-1,과세매입,복리후생비,개인용품,1031000,대표이사 자택 사용 가전제품 구매,불공제 가능,높음,R030_PRIVATE_OR_HOME_USE,사업과 직접 관련 없는 개인·가사 지출,대표자 개인사용·가사 지출 등 사업과 직접 관련 없는 지출은 불공제,부가가치세법 제39조 제1항 제4호·시행령 제77조,실제 사용 장소와 사용자 및 회사업무 관련성을 확인하세요.,https://www.law.go.kr/법령/부가가치세법시행령/제77조,복리후생비 | 개인용품 | 대표이사 자택 사용 가전제품 구매,2026-08-13
프로토타입 1차 스크리닝,18260209-2,과세매입,지급수수료,자문료,4833000,외부 컨설팅 수수료 - 프로젝트명 미기재,추가검토,높음,R110_MISSING_PURPOSE_DETAIL,사업관련성·사용처 정보 부족,목적·사용자·사용장소가 없으면 사업을 위해 사용한 지출인지 확인할 수 없음,부가가치세법 제38조 제1항·제39조 제1항 제4호,거래 목적·사용자·사용부서·사용장소와 관련 증빙을 입력하세요.,https://www.law.go.kr/법령/부가가치세법/제38조,지급수수료 | 자문료 | 외부 컨설팅 수수료 - 프로젝트명 미기재,2026-08-13
프로토타입 1차 스크리닝,18260209-3,과세매입,원자재,철판,5703000,A라인 생산용 SS400 철판 원재료 매입,공제 가능,높음,R130_DIRECT_MATERIAL_OR_PROCESS,과세사업용 원재료·부재료·외주가공,과세사업의 생산·납품에 직접 사용되는 재화·용역은 공제 원칙,부가가치세법 제38조 제1항,과세사업 귀속과 실제 입고·검수 자료를 확인하세요.,https://www.law.go.kr/법령/부가가치세법/제38조,원자재 | 철판 | A라인 생산용 SS400 철판 원재료 매입,2026-08-13
프로토타입 1차 스크리닝,18260209-4,과세매입,통신비,법인휴대폰,8635000,영업팀 법인명의 업무용 휴대전화 요금,공제 가능,중간,R140_BUSINESS_EQUIPMENT_SERVICE,업무용 비품·설비·관리용역,과세사업 운영에 직접 사용하는 비품·설비·관리용역은 공제 원칙,부가가치세법 제38조 제1항,업무사용 및 과세사업 귀속 증빙을 보관하세요.,https://www.law.go.kr/법령/부가가치세법/제38조,통신비 | 법인휴대폰 | 영업팀 법인명의 업무용 휴대전화 요금,2026-08-13
프로토타입 1차 스크리닝,18260210-1,과세매입,통신비,법인휴대폰,5932000,영업팀 법인명의 업무용 휴대전화 요금,공제 가능,중간,R140_BUSINESS_EQUIPMENT_SERVICE,업무용 비품·설비·관리용역,과세사업 운영에 직접 사용하는 비품·설비·관리용역은 공제 원칙,부가가치세법 제38조 제1항,업무사용 및 과세사업 귀속 증빙을 보관하세요.,https://www.law.go.kr/법령/부가가치세법/제38조,통신비 | 법인휴대폰 | 영업팀 법인명의 업무용 휴대전화 요금,2026-08-13
프로토타입 1차 스크리닝,18260210-2,과세매입,복리후생비(생산),생산직원식대,7327000,야간 잔업 생산직원 식대 18명,공제 가능,중간,R150_EMPLOYEE_WELFARE_TRAINING,종업원 복리후생·직무교육,종업원 공동 복리후생과 직무 관련 교육은 사업 관련 매입으로 공제 가능,부가가치세법 제38조 제1항,대상자가 종업원인지와 복리후생 기준을 확인하세요.,https://www.law.go.kr/법령/부가가치세법/제38조,복리후생비(생산) | 생산직원식대 | 야간 잔업 생산직원 식대 18명,2026-08-13
프로토타입 1차 스크리닝,18260210-3,과세매입,기업업무추진비,골프비,2291000,거래처 관계유지 목적 골프장 이용료,불공제 가능,높음,R040_BUSINESS_PROMOTION,기업업무추진비·접대성 지출,기업업무추진비와 유사한 접대성 비용의 매입세액은 불공제,부가가치세법 제39조 제1항 제6호·시행령 제79조,지출 상대방·목적·참석자와 광고선전 또는 복리후생 해당 여부를 확인하세요.,https://www.law.go.kr/법령/부가가치세법시행령/제79조,기업업무추진비 | 골프비 | 거래처 관계유지 목적 골프장 이용료,2026-08-13
프로토타입 1차 스크리닝,18260210-4,과세매입,외주가공비,도장가공,8310000,명의상 대표와 실제 운영자가 다르나 실운영자가 공장·인력·비용·수익을 직접 관리하고 당사 발주품을 실제 가공·납품한 자료 확인,추가검토,높음,R010_SUPPLIER_NAME_MISMATCH,명의와 실질 거래주체 판단,세금계산서 명의와 실제 공급자의 일치 여부는 구체적 거래 사실을 확인해야 함,부가가치세법 제39조 제1항 제2호,계약·발주·납품·대금수령 주체와 명의자의 실제 관여를 확인하세요.,https://www.law.go.kr/법령/부가가치세법/제39조,외주가공비 | 도장가공 | 명의상 대표와 실제 운영자가 다르나 실운영자가 공장·인력·비용·수익을 직접 관리하고 당사 발주품을 실제 가공·납품한 자료 확…,2026-08-13
프로토타입 1차 스크리닝,18260211-1,과세매입,광고선전비,기념품,4135000,신제품 홍보용 기념품 구매 - 배포대상 미기재,추가검토,높음,R110_MISSING_PURPOSE_DETAIL,사업관련성·사용처 정보 부족,목적·사용자·사용장소가 없으면 사업을 위해 사용한 지출인지 확인할 수 없음,부가가치세법 제38조 제1항·제39조 제1항 제4호,거래 목적·사용자·사용부서·사용장소와 관련 증빙을 입력하세요.,https://www.law.go.kr/법령/부가가치세법/제38조,광고선전비 | 기념품 | 신제품 홍보용 기념품 구매 - 배포대상 미기재,2026-08-13
프로토타입 1차 스크리닝,18260211-2,과세매입,복리후생비(생산),생산직원식대,5692000,야간 잔업 생산직원 식대 18명,공제 가능,중간,R150_EMPLOYEE_WELFARE_TRAINING,종업원 복리후생·직무교육,종업원 공동 복리후생과 직무 관련 교육은 사업 관련 매입으로 공제 가능,부가가치세법 제38조 제1항,대상자가 종업원인지와 복리후생 기준을 확인하세요.,https://www.law.go.kr/법령/부가가치세법/제38조,복리후생비(생산) | 생산직원식대 | 야간 잔업 생산직원 식대 18명,2026-08-13
프로토타입 1차 스크리닝,18260211-3,과세매입,복리후생비,식대,1757000,주말 식대 6명 - 임직원 여부 미기재,추가검토,높음,R110_MISSING_PURPOSE_DETAIL,사업관련성·사용처 정보 부족,목적·사용자·사용장소가 없으면 사업을 위해 사용한 지출인지 확인할 수 없음,부가가치세법 제38조 제1항·제39조 제1항 제4호,거래 목적·사용자·사용부서·사용장소와 관련 증빙을 입력하세요.,https://www.law.go.kr/법령/부가가치세법/제38조,복리후생비 | 식대 | 주말 식대 6명 - 임직원 여부 미기재,2026-08-13
프로토타입 1차 스크리닝,18260211-4,과세매입,차량유지비,유류비,1645000,현장 방문 차량 주유 - 차종 및 차량번호 미기재,추가검토,높음,R100_AMBIGUOUS_VEHICLE,차종·용도 확인 필요,차량비는 차종과 직접 영업 사용 여부가 없으면 불공제 여부를 판정할 수 없음,부가가치세법 제39조 제1항 제5호,차종·정원·배기량·차량번호·업무용도를 입력하세요.,https://www.law.go.kr/법령/부가가치세법/제39조,차량유지비 | 유류비 | 현장 방문 차량 주유 - 차종 및 차량번호 미기재,2026-08-13
프로토타입 1차 스크리닝,18260212-1,과세매입,지급수수료,회계감사,7132000,외부감사 대응 재고실사 및 회계자문 수수료,공제 가능,중간,R140_BUSINESS_EQUIPMENT_SERVICE,업무용 비품·설비·관리용역,과세사업 운영에 직접 사용하는 비품·설비·관리용역은 공제 원칙,부가가치세법 제38조 제1항,업무사용 및 과세사업 귀속 증빙을 보관하세요.,https://www.law.go.kr/법령/부가가치세법/제38조,지급수수료 | 회계감사 | 외부감사 대응 재고실사 및 회계자문 수수료,2026-08-13
프로토타입 1차 스크리닝,18260212-2,과세매입,임차료,승용차렌트,212000,영업관리용 5인승 승용차 월 렌트료,불공제 가능,높음,R050_SMALL_PASSENGER_CAR,비영업용 소형승용자동차 관련,직접 영업에 쓰는 예외 업종 외 소형승용차의 구입·임차·유지는 불공제,부가가치세법 제39조 제1항 제5호·시행령 제78조,차종·정원·배기량·차량번호와 직접 영업 사용 여부를 확인하세요.,https://www.law.go.kr/법령/부가가치세법시행령/제78조,임차료 | 승용차렌트 | 영업관리용 5인승 승용차 월 렌트료,2026-08-13
프로토타입 1차 스크리닝,18260212-3,과세매입,외주가공비,도금가공,4598000,납품제품 표면 아연도금 외주가공,공제 가능,높음,R130_DIRECT_MATERIAL_OR_PROCESS,과세사업용 원재료·부재료·외주가공,과세사업의 생산·납품에 직접 사용되는 재화·용역은 공제 원칙,부가가치세법 제38조 제1항,과세사업 귀속과 실제 입고·검수 자료를 확인하세요.,https://www.law.go.kr/법령/부가가치세법/제38조,외주가공비 | 도금가공 | 납품제품 표면 아연도금 외주가공,2026-08-13
프로토타입 1차 스크리닝,18260212-4,과세매입,복리후생비(관리),직원간식,4924000,사무실 전 직원 공용 간식 및 생수 구매,공제 가능,중간,R150_EMPLOYEE_WELFARE_TRAINING,종업원 복리후생·직무교육,종업원 공동 복리후생과 직무 관련 교육은 사업 관련 매입으로 공제 가능,부가가치세법 제38조 제1항,대상자가 종업원인지와 복리후생 기준을 확인하세요.,https://www.law.go.kr/법령/부가가치세법/제38조,복리후생비(관리) | 직원간식 | 사무실 전 직원 공용 간식 및 생수 구매,2026-08-13
프로토타입 1차 스크리닝,18260213-1,과세매입,외주가공비,도금가공,575000,납품제품 표면 아연도금 외주가공,공제 가능,높음,R130_DIRECT_MATERIAL_OR_PROCESS,과세사업용 원재료·부재료·외주가공,과세사업의 생산·납품에 직접 사용되는 재화·용역은 공제 원칙,부가가치세법 제38조 제1항,과세사업 귀속과 실제 입고·검수 자료를 확인하세요.,https://www.law.go.kr/법령/부가가치세법/제38조,외주가공비 | 도금가공 | 납품제품 표면 아연도금 외주가공,2026-08-13
프로토타입 1차 스크리닝,18260213-2,과세매입,지급수수료,기업인수 실사,10300000,과세 제조사업 확장을 위해 인접 생산부지 대부분을 보유한 법인 지분 인수가 필요하여 재무·법률 실사 진행 / 계약서·거래명세·계좌이체 증빙 보관,공제 가능,중간,R120_BUSINESS_EXPANSION_SERVICE,과세사업 수행을 위한 인수·실사·자문,구체적 사업 수행에 필요하고 토지 자체의 가치 증가 비용이 아닌 용역은 공제 가능,부가가치세법 제38조 제1항·대법원 2010두15902·2010두12552,계약서·자문 산출물·사업계획·대금지급 증빙을 보관하세요.,https://law.go.kr/LSW/precInfoP.do?precSeq=171788,지급수수료 | 기업인수 실사 | 과세 제조사업 확장을 위해 인접 생산부지 대부분을 보유한 법인 지분 인수가 필요하여 재무·법률 실사 진행 / 계약서·거래명세·계좌이체 증빙 보관,2026-08-13
프로토타입 1차 스크리닝,18260213-3,과세매입,교육훈련비,안전교육,1440000,생산팀 산업안전·설비조작 교육비,공제 가능,중간,R140_BUSINESS_EQUIPMENT_SERVICE,업무용 비품·설비·관리용역,과세사업 운영에 직접 사용하는 비품·설비·관리용역은 공제 원칙,부가가치세법 제38조 제1항,업무사용 및 과세사업 귀속 증빙을 보관하세요.,https://www.law.go.kr/법령/부가가치세법/제38조,교육훈련비 | 안전교육 | 생산팀 산업안전·설비조작 교육비,2026-08-13
프로토타입 1차 스크리닝,18260213-4,과세매입,임차료,승용차렌트,625000,영업관리용 5인승 승용차 월 렌트료,불공제 가능,높음,R050_SMALL_PASSENGER_CAR,비영업용 소형승용자동차 관련,직접 영업에 쓰는 예외 업종 외 소형승용차의 구입·임차·유지는 불공제,부가가치세법 제39조 제1항 제5호·시행령 제78조,차종·정원·배기량·차량번호와 직접 영업 사용 여부를 확인하세요.,https://www.law.go.kr/법령/부가가치세법시행령/제78조,임차료 | 승용차렌트 | 영업관리용 5인승 승용차 월 렌트료,2026-08-13
프로토타입 1차 스크리닝,18260214-1,과세매입,회의비,식대,4600000,외부 참석자 포함 회의 식대 - 참석자 명단 미첨부,추가검토,높음,R110_MISSING_PURPOSE_DETAIL,사업관련성·사용처 정보 부족,목적·사용자·사용장소가 없으면 사업을 위해 사용한 지출인지 확인할 수 없음,부가가치세법 제38조 제1항·제39조 제1항 제4호,거래 목적·사용자·사용부서·사용장소와 관련 증빙을 입력하세요.,https://www.law.go.kr/법령/부가가치세법/제38조,회의비 | 식대 | 외부 참석자 포함 회의 식대 - 참석자 명단 미첨부,2026-08-13
프로토타입 1차 스크리닝,18260214-2,과세매입,원자재,베어링,3438000,감속기 조립용 베어링 생산자재 매입,공제 가능,높음,R130_DIRECT_MATERIAL_OR_PROCESS,과세사업용 원재료·부재료·외주가공,과세사업의 생산·납품에 직접 사용되는 재화·용역은 공제 원칙,부가가치세법 제38조 제1항,과세사업 귀속과 실제 입고·검수 자료를 확인하세요.,https://www.law.go.kr/법령/부가가치세법/제38조,원자재 | 베어링 | 감속기 조립용 베어링 생산자재 매입,2026-08-13
프로토타입 1차 스크리닝,18260214-3,과세매입,원자재,철판,6737000,A라인 생산용 SS400 철판 원재료 매입,공제 가능,높음,R130_DIRECT_MATERIAL_OR_PROCESS,과세사업용 원재료·부재료·외주가공,과세사업의 생산·납품에 직접 사용되는 재화·용역은 공제 원칙,부가가치세법 제38조 제1항,과세사업 귀속과 실제 입고·검수 자료를 확인하세요.,https://www.law.go.kr/법령/부가가치세법/제38조,원자재 | 철판 | A라인 생산용 SS400 철판 원재료 매입,2026-08-13
프로토타입 1차 스크리닝,18260214-4,과세매입,원자재,베어링,7981000,감속기 조립용 베어링 생산자재 매입,공제 가능,높음,R130_DIRECT_MATERIAL_OR_PROCESS,과세사업용 원재료·부재료·외주가공,과세사업의 생산·납품에 직접 사용되는 재화·용역은 공제 원칙,부가가치세법 제38조 제1항,과세사업 귀속과 실제 입고·검수 자료를 확인하세요.,https://www.law.go.kr/법령/부가가치세법/제38조,원자재 | 베어링 | 감속기 조립용 베어링 생산자재 매입,2026-08-13
프로토타입 1차 스크리닝,18260215-1,과세매입,광고선전비,제품카탈로그,4894000,"B2B 영업용 제품 카탈로그 2,000부 제작",공제 가능,중간,R160_ADVERTISING_SALES,광고·판매촉진,과세매출을 위한 일반 광고·판매촉진비는 공제 원칙,부가가치세법 제38조 제1항,배포대상과 광고 목적을 확인하세요.,https://www.law.go.kr/법령/부가가치세법/제38조,"광고선전비 | 제품카탈로그 | B2B 영업용 제품 카탈로그 2,000부 제작",2026-08-13
프로토타입 1차 스크리닝,18260215-2,과세매입,차량유지비,승용차유류,956000,"대표이사 업무용 2,000cc 승용차 주유",불공제 가능,높음,R050_SMALL_PASSENGER_CAR,비영업용 소형승용자동차 관련,직접 영업에 쓰는 예외 업종 외 소형승용차의 구입·임차·유지는 불공제,부가가치세법 제39조 제1항 제5호·시행령 제78조,차종·정원·배기량·차량번호와 직접 영업 사용 여부를 확인하세요.,https://www.law.go.kr/법령/부가가치세법시행령/제78조,"차량유지비 | 승용차유류 | 대표이사 업무용 2,000cc 승용차 주유",2026-08-13
프로토타입 1차 스크리닝,18260215-3,과세매입,소모품비,가사용품,1844000,대표 개인주거지 배송 가사용 생활용품,불공제 가능,높음,R030_PRIVATE_OR_HOME_USE,사업과 직접 관련 없는 개인·가사 지출,대표자 개인사용·가사 지출 등 사업과 직접 관련 없는 지출은 불공제,부가가치세법 제39조 제1항 제4호·시행령 제77조,실제 사용 장소와 사용자 및 회사업무 관련성을 확인하세요.,https://www.law.go.kr/법령/부가가치세법시행령/제77조,소모품비 | 가사용품 | 대표 개인주거지 배송 가사용 생활용품,2026-08-13
프로토타입 1차 스크리닝,18260215-4,과세매입,지급수수료,금융자문,18000000,신규 공장증설 사업 추진에 필요한 대상회사 인수자금 조달 및 금융자문 수수료 / 계약서·거래명세·계좌이체 증빙 보관,공제 가능,중간,R120_BUSINESS_EXPANSION_SERVICE,과세사업 수행을 위한 인수·실사·자문,구체적 사업 수행에 필요하고 토지 자체의 가치 증가 비용이 아닌 용역은 공제 가능,부가가치세법 제38조 제1항·대법원 2010두15902·2010두12552,계약서·자문 산출물·사업계획·대금지급 증빙을 보관하세요.,https://law.go.kr/LSW/precInfoP.do?precSeq=171788,지급수수료 | 금융자문 | 신규 공장증설 사업 추진에 필요한 대상회사 인수자금 조달 및 금융자문 수수료 / 계약서·거래명세·계좌이체 증빙 보관,2026-08-13
프로토타입 1차 스크리닝,18260216-1,과세매입,운반비,화물운송,5212000,완제품 거래처 납품용 5톤 화물운송,공제 가능,중간,R140_BUSINESS_EQUIPMENT_SERVICE,업무용 비품·설비·관리용역,과세사업 운영에 직접 사용하는 비품·설비·관리용역은 공제 원칙,부가가치세법 제38조 제1항,업무사용 및 과세사업 귀속 증빙을 보관하세요.,https://www.law.go.kr/법령/부가가치세법/제38조,운반비 | 화물운송 | 완제품 거래처 납품용 5톤 화물운송,2026-08-13
프로토타입 1차 스크리닝,18260216-2,과세매입,수선비,시설수리,716000,건물 시설 수리비 - 사업장/사택 구분 미기재,추가검토,높음,R110_MISSING_PURPOSE_DETAIL,사업관련성·사용처 정보 부족,목적·사용자·사용장소가 없으면 사업을 위해 사용한 지출인지 확인할 수 없음,부가가치세법 제38조 제1항·제39조 제1항 제4호,거래 목적·사용자·사용부서·사용장소와 관련 증빙을 입력하세요.,https://www.law.go.kr/법령/부가가치세법/제38조,수선비 | 시설수리 | 건물 시설 수리비 - 사업장/사택 구분 미기재,2026-08-13
프로토타입 1차 스크리닝,18260216-3,과세매입,소모품비,전자기기,4656000,태블릿PC 구매 - 사용자 및 사용부서 미기재,추가검토,높음,R110_MISSING_PURPOSE_DETAIL,사업관련성·사용처 정보 부족,목적·사용자·사용장소가 없으면 사업을 위해 사용한 지출인지 확인할 수 없음,부가가치세법 제38조 제1항·제39조 제1항 제4호,거래 목적·사용자·사용부서·사용장소와 관련 증빙을 입력하세요.,https://www.law.go.kr/법령/부가가치세법/제38조,소모품비 | 전자기기 | 태블릿PC 구매 - 사용자 및 사용부서 미기재,2026-08-13
프로토타입 1차 스크리닝,18260216-4,과세매입,원자재,베어링,5845000,감속기 조립용 베어링 생산자재 매입,공제 가능,높음,R130_DIRECT_MATERIAL_OR_PROCESS,과세사업용 원재료·부재료·외주가공,과세사업의 생산·납품에 직접 사용되는 재화·용역은 공제 원칙,부가가치세법 제38조 제1항,과세사업 귀속과 실제 입고·검수 자료를 확인하세요.,https://www.law.go.kr/법령/부가가치세법/제38조,원자재 | 베어링 | 감속기 조립용 베어링 생산자재 매입,2026-08-13
프로토타입 1차 스크리닝,18260217-1,과세매입,차량유지비,승용차유류,2350000,"대표이사 업무용 2,000cc 승용차 주유",불공제 가능,높음,R050_SMALL_PASSENGER_CAR,비영업용 소형승용자동차 관련,직접 영업에 쓰는 예외 업종 외 소형승용차의 구입·임차·유지는 불공제,부가가치세법 제39조 제1항 제5호·시행령 제78조,차종·정원·배기량·차량번호와 직접 영업 사용 여부를 확인하세요.,https://www.law.go.kr/법령/부가가치세법시행령/제78조,"차량유지비 | 승용차유류 | 대표이사 업무용 2,000cc 승용차 주유",2026-08-13
프로토타입 1차 스크리닝,18260217-2,과세매입,부재료비,용접봉,2988000,생산공정 용접작업용 용접봉 구매,공제 가능,높음,R130_DIRECT_MATERIAL_OR_PROCESS,과세사업용 원재료·부재료·외주가공,과세사업의 생산·납품에 직접 사용되는 재화·용역은 공제 원칙,부가가치세법 제38조 제1항,과세사업 귀속과 실제 입고·검수 자료를 확인하세요.,https://www.law.go.kr/법령/부가가치세법/제38조,부재료비 | 용접봉 | 생산공정 용접작업용 용접봉 구매,2026-08-13
프로토타입 1차 스크리닝,18260217-3,과세매입,소모품비(생산),안전장갑,1656000,현장 생산직 지급용 안전장갑 구매,공제 가능,높음,R130_DIRECT_MATERIAL_OR_PROCESS,과세사업용 원재료·부재료·외주가공,과세사업의 생산·납품에 직접 사용되는 재화·용역은 공제 원칙,부가가치세법 제38조 제1항,과세사업 귀속과 실제 입고·검수 자료를 확인하세요.,https://www.law.go.kr/법령/부가가치세법/제38조,소모품비(생산) | 안전장갑 | 현장 생산직 지급용 안전장갑 구매,2026-08-13
프로토타입 1차 스크리닝,18260217-4,과세매입,지급수수료,회계감사,4748000,외부감사 대응 재고실사 및 회계자문 수수료,공제 가능,중간,R140_BUSINESS_EQUIPMENT_SERVICE,업무용 비품·설비·관리용역,과세사업 운영에 직접 사용하는 비품·설비·관리용역은 공제 원칙,부가가치세법 제38조 제1항,업무사용 및 과세사업 귀속 증빙을 보관하세요.,https://www.law.go.kr/법령/부가가치세법/제38조,지급수수료 | 회계감사 | 외부감사 대응 재고실사 및 회계자문 수수료,2026-08-13
프로토타입 1차 스크리닝,18260218-1,과세매입,복리후생비(생산),생산직원식대,2204000,야간 잔업 생산직원 식대 18명,공제 가능,중간,R150_EMPLOYEE_WELFARE_TRAINING,종업원 복리후생·직무교육,종업원 공동 복리후생과 직무 관련 교육은 사업 관련 매입으로 공제 가능,부가가치세법 제38조 제1항,대상자가 종업원인지와 복리후생 기준을 확인하세요.,https://www.law.go.kr/법령/부가가치세법/제38조,복리후생비(생산) | 생산직원식대 | 야간 잔업 생산직원 식대 18명,2026-08-13
프로토타입 1차 스크리닝,18260218-2,과세매입,지급수수료,인수자문,16400000,생산단지 조성사업 시행을 위해 토지 다수 보유 법인 주식인수 협상·실사 자문 / 계약서·거래명세·계좌이체 증빙 보관,공제 가능,중간,R120_BUSINESS_EXPANSION_SERVICE,과세사업 수행을 위한 인수·실사·자문,구체적 사업 수행에 필요하고 토지 자체의 가치 증가 비용이 아닌 용역은 공제 가능,부가가치세법 제38조 제1항·대법원 2010두15902·2010두12552,계약서·자문 산출물·사업계획·대금지급 증빙을 보관하세요.,https://law.go.kr/LSW/precInfoP.do?precSeq=171788,지급수수료 | 인수자문 | 생산단지 조성사업 시행을 위해 토지 다수 보유 법인 주식인수 협상·실사 자문 / 계약서·거래명세·계좌이체 증빙 보관,2026-08-13
프로토타입 1차 스크리닝,18260218-3,과세매입,임차료,승용차렌트,132000,영업관리용 5인승 승용차 월 렌트료,불공제 가능,높음,R050_SMALL_PASSENGER_CAR,비영업용 소형승용자동차 관련,직접 영업에 쓰는 예외 업종 외 소형승용차의 구입·임차·유지는 불공제,부가가치세법 제39조 제1항 제5호·시행령 제78조,차종·정원·배기량·차량번호와 직접 영업 사용 여부를 확인하세요.,https://www.law.go.kr/법령/부가가치세법시행령/제78조,임차료 | 승용차렌트 | 영업관리용 5인승 승용차 월 렌트료,2026-08-13
프로토타입 1차 스크리닝,18260218-4,과세매입,지급수수료,자문료,2631000,외부 컨설팅 수수료 - 프로젝트명 미기재,추가검토,높음,R110_MISSING_PURPOSE_DETAIL,사업관련성·사용처 정보 부족,목적·사용자·사용장소가 없으면 사업을 위해 사용한 지출인지 확인할 수 없음,부가가치세법 제38조 제1항·제39조 제1항 제4호,거래 목적·사용자·사용부서·사용장소와 관련 증빙을 입력하세요.,https://www.law.go.kr/법령/부가가치세법/제38조,지급수수료 | 자문료 | 외부 컨설팅 수수료 - 프로젝트명 미기재,2026-08-13
프로토타입 1차 스크리닝,18260219-1,과세매입,광고선전비,제품카탈로그,6798000,"B2B 영업용 제품 카탈로그 2,000부 제작",공제 가능,중간,R160_ADVERTISING_SALES,광고·판매촉진,과세매출을 위한 일반 광고·판매촉진비는 공제 원칙,부가가치세법 제38조 제1항,배포대상과 광고 목적을 확인하세요.,https://www.law.go.kr/법령/부가가치세법/제38조,"광고선전비 | 제품카탈로그 | B2B 영업용 제품 카탈로그 2,000부 제작",2026-08-13
프로토타입 1차 스크리닝,18260219-2,과세매입,연구개발비,시제품재료,4069000,신형 펌프 시제품 제작용 테스트 재료비,공제 가능,높음,R130_DIRECT_MATERIAL_OR_PROCESS,과세사업용 원재료·부재료·외주가공,과세사업의 생산·납품에 직접 사용되는 재화·용역은 공제 원칙,부가가치세법 제38조 제1항,과세사업 귀속과 실제 입고·검수 자료를 확인하세요.,https://www.law.go.kr/법령/부가가치세법/제38조,연구개발비 | 시제품재료 | 신형 펌프 시제품 제작용 테스트 재료비,2026-08-13
프로토타입 1차 스크리닝,18260219-3,과세매입,운반비,화물운송,5271000,완제품 거래처 납품용 5톤 화물운송,공제 가능,중간,R140_BUSINESS_EQUIPMENT_SERVICE,업무용 비품·설비·관리용역,과세사업 운영에 직접 사용하는 비품·설비·관리용역은 공제 원칙,부가가치세법 제38조 제1항,업무사용 및 과세사업 귀속 증빙을 보관하세요.,https://www.law.go.kr/법령/부가가치세법/제38조,운반비 | 화물운송 | 완제품 거래처 납품용 5톤 화물운송,2026-08-13
프로토타입 1차 스크리닝,18260219-4,과세매입,연구개발비,시제품재료,4340000,신형 펌프 시제품 제작용 테스트 재료비,공제 가능,높음,R130_DIRECT_MATERIAL_OR_PROCESS,과세사업용 원재료·부재료·외주가공,과세사업의 생산·납품에 직접 사용되는 재화·용역은 공제 원칙,부가가치세법 제38조 제1항,과세사업 귀속과 실제 입고·검수 자료를 확인하세요.,https://www.law.go.kr/법령/부가가치세법/제38조,연구개발비 | 시제품재료 | 신형 펌프 시제품 제작용 테스트 재료비,2026-08-13
프로토타입 1차 스크리닝,18260220-1,과세매입,복리후생비,개인용품,74000,대표이사 자택 사용 가전제품 구매,불공제 가능,높음,R030_PRIVATE_OR_HOME_USE,사업과 직접 관련 없는 개인·가사 지출,대표자 개인사용·가사 지출 등 사업과 직접 관련 없는 지출은 불공제,부가가치세법 제39조 제1항 제4호·시행령 제77조,실제 사용 장소와 사용자 및 회사업무 관련성을 확인하세요.,https://www.law.go.kr/법령/부가가치세법시행령/제77조,복리후생비 | 개인용품 | 대표이사 자택 사용 가전제품 구매,2026-08-13
프로토타입 1차 스크리닝,18260220-2,과세매입,기업업무추진비,거래처식사,345000,주요 거래처 임원 4명 접대 목적 저녁식사,불공제 가능,높음,R040_BUSINESS_PROMOTION,기업업무추진비·접대성 지출,기업업무추진비와 유사한 접대성 비용의 매입세액은 불공제,부가가치세법 제39조 제1항 제6호·시행령 제79조,지출 상대방·목적·참석자와 광고선전 또는 복리후생 해당 여부를 확인하세요.,https://www.law.go.kr/법령/부가가치세법시행령/제79조,기업업무추진비 | 거래처식사 | 주요 거래처 임원 4명 접대 목적 저녁식사,2026-08-13
프로토타입 1차 스크리닝,18260220-3,과세매입,소모품비,가사용품,1178000,대표 개인주거지 배송 가사용 생활용품,불공제 가능,높음,R030_PRIVATE_OR_HOME_USE,사업과 직접 관련 없는 개인·가사 지출,대표자 개인사용·가사 지출 등 사업과 직접 관련 없는 지출은 불공제,부가가치세법 제39조 제1항 제4호·시행령 제77조,실제 사용 장소와 사용자 및 회사업무 관련성을 확인하세요.,https://www.law.go.kr/법령/부가가치세법시행령/제77조,소모품비 | 가사용품 | 대표 개인주거지 배송 가사용 생활용품,2026-08-13
프로토타입 1차 스크리닝,18260220-4,과세매입,지급수수료,가치평가,7200000,과세사업 확대에 필요한 사업시행권 보유 법인 인수 전 가치평가 및 재무실사 / 계약서·거래명세·계좌이체 증빙 보관,공제 가능,중간,R120_BUSINESS_EXPANSION_SERVICE,과세사업 수행을 위한 인수·실사·자문,구체적 사업 수행에 필요하고 토지 자체의 가치 증가 비용이 아닌 용역은 공제 가능,부가가치세법 제38조 제1항·대법원 2010두15902·2010두12552,계약서·자문 산출물·사업계획·대금지급 증빙을 보관하세요.,https://law.go.kr/LSW/precInfoP.do?precSeq=171788,지급수수료 | 가치평가 | 과세사업 확대에 필요한 사업시행권 보유 법인 인수 전 가치평가 및 재무실사 / 계약서·거래명세·계좌이체 증빙 보관,2026-08-13
프로토타입 1차 스크리닝,18260221-1,과세매입,지급수수료,자문료,4936000,외부 컨설팅 수수료 - 프로젝트명 미기재,추가검토,높음,R110_MISSING_PURPOSE_DETAIL,사업관련성·사용처 정보 부족,목적·사용자·사용장소가 없으면 사업을 위해 사용한 지출인지 확인할 수 없음,부가가치세법 제38조 제1항·제39조 제1항 제4호,거래 목적·사용자·사용부서·사용장소와 관련 증빙을 입력하세요.,https://www.law.go.kr/법령/부가가치세법/제38조,지급수수료 | 자문료 | 외부 컨설팅 수수료 - 프로젝트명 미기재,2026-08-13
프로토타입 1차 스크리닝,18260221-2,과세매입,지급수수료,자문료,1301000,외부 컨설팅 수수료 - 프로젝트명 미기재,추가검토,높음,R110_MISSING_PURPOSE_DETAIL,사업관련성·사용처 정보 부족,목적·사용자·사용장소가 없으면 사업을 위해 사용한 지출인지 확인할 수 없음,부가가치세법 제38조 제1항·제39조 제1항 제4호,거래 목적·사용자·사용부서·사용장소와 관련 증빙을 입력하세요.,https://www.law.go.kr/법령/부가가치세법/제38조,지급수수료 | 자문료 | 외부 컨설팅 수수료 - 프로젝트명 미기재,2026-08-13
프로토타입 1차 스크리닝,18260221-3,과세매입,원자재,철판,8707000,A라인 생산용 SS400 철판 원재료 매입,공제 가능,높음,R130_DIRECT_MATERIAL_OR_PROCESS,과세사업용 원재료·부재료·외주가공,과세사업의 생산·납품에 직접 사용되는 재화·용역은 공제 원칙,부가가치세법 제38조 제1항,과세사업 귀속과 실제 입고·검수 자료를 확인하세요.,https://www.law.go.kr/법령/부가가치세법/제38조,원자재 | 철판 | A라인 생산용 SS400 철판 원재료 매입,2026-08-13
프로토타입 1차 스크리닝,18260221-4,과세매입,임차료,승용차렌트,2088000,영업관리용 5인승 승용차 월 렌트료,불공제 가능,높음,R050_SMALL_PASSENGER_CAR,비영업용 소형승용자동차 관련,직접 영업에 쓰는 예외 업종 외 소형승용차의 구입·임차·유지는 불공제,부가가치세법 제39조 제1항 제5호·시행령 제78조,차종·정원·배기량·차량번호와 직접 영업 사용 여부를 확인하세요.,https://www.law.go.kr/법령/부가가치세법시행령/제78조,임차료 | 승용차렌트 | 영업관리용 5인승 승용차 월 렌트료,2026-08-13
프로토타입 1차 스크리닝,18260222-1,과세매입,부재료비,용접봉,542000,생산공정 용접작업용 용접봉 구매,공제 가능,높음,R130_DIRECT_MATERIAL_OR_PROCESS,과세사업용 원재료·부재료·외주가공,과세사업의 생산·납품에 직접 사용되는 재화·용역은 공제 원칙,부가가치세법 제38조 제1항,과세사업 귀속과 실제 입고·검수 자료를 확인하세요.,https://www.law.go.kr/법령/부가가치세법/제38조,부재료비 | 용접봉 | 생산공정 용접작업용 용접봉 구매,2026-08-13
프로토타입 1차 스크리닝,18260222-2,과세매입,외주가공비,도금가공,1888000,납품제품 표면 아연도금 외주가공,공제 가능,높음,R130_DIRECT_MATERIAL_OR_PROCESS,과세사업용 원재료·부재료·외주가공,과세사업의 생산·납품에 직접 사용되는 재화·용역은 공제 원칙,부가가치세법 제38조 제1항,과세사업 귀속과 실제 입고·검수 자료를 확인하세요.,https://www.law.go.kr/법령/부가가치세법/제38조,외주가공비 | 도금가공 | 납품제품 표면 아연도금 외주가공,2026-08-13
프로토타입 1차 스크리닝,18260222-3,과세매입,소모품비(생산),안전장갑,8068000,현장 생산직 지급용 안전장갑 구매,공제 가능,높음,R130_DIRECT_MATERIAL_OR_PROCESS,과세사업용 원재료·부재료·외주가공,과세사업의 생산·납품에 직접 사용되는 재화·용역은 공제 원칙,부가가치세법 제38조 제1항,과세사업 귀속과 실제 입고·검수 자료를 확인하세요.,https://www.law.go.kr/법령/부가가치세법/제38조,소모품비(생산) | 안전장갑 | 현장 생산직 지급용 안전장갑 구매,2026-08-13
프로토타입 1차 스크리닝,18260222-4,과세매입,운반비,화물운송,1811000,완제품 거래처 납품용 5톤 화물운송,공제 가능,중간,R140_BUSINESS_EQUIPMENT_SERVICE,업무용 비품·설비·관리용역,과세사업 운영에 직접 사용하는 비품·설비·관리용역은 공제 원칙,부가가치세법 제38조 제1항,업무사용 및 과세사업 귀속 증빙을 보관하세요.,https://www.law.go.kr/법령/부가가치세법/제38조,운반비 | 화물운송 | 완제품 거래처 납품용 5톤 화물운송,2026-08-13
프로토타입 1차 스크리닝,18260223-1,과세매입,원자재,철판,1948000,A라인 생산용 SS400 철판 원재료 매입,공제 가능,높음,R130_DIRECT_MATERIAL_OR_PROCESS,과세사업용 원재료·부재료·외주가공,과세사업의 생산·납품에 직접 사용되는 재화·용역은 공제 원칙,부가가치세법 제38조 제1항,과세사업 귀속과 실제 입고·검수 자료를 확인하세요.,https://www.law.go.kr/법령/부가가치세법/제38조,원자재 | 철판 | A라인 생산용 SS400 철판 원재료 매입,2026-08-13
프로토타입 1차 스크리닝,18260223-2,과세매입,지급수수료,사업시행 자문,20100000,"공장 이전·확장 사업 승인신청 및 사업시행을 위한 인허가·업무대행 자문, 토지가치 증가 목적 아님 / 계약서·거래명세·계좌이체 증빙 보관",공제 가능,중간,R120_BUSINESS_EXPANSION_SERVICE,과세사업 수행을 위한 인수·실사·자문,구체적 사업 수행에 필요하고 토지 자체의 가치 증가 비용이 아닌 용역은 공제 가능,부가가치세법 제38조 제1항·대법원 2010두15902·2010두12552,계약서·자문 산출물·사업계획·대금지급 증빙을 보관하세요.,https://law.go.kr/LSW/precInfoP.do?precSeq=171788,"지급수수료 | 사업시행 자문 | 공장 이전·확장 사업 승인신청 및 사업시행을 위한 인허가·업무대행 자문, 토지가치 증가 목적 아님 / 계약서·거래명세·계좌이체 증빙 보관",2026-08-13
프로토타입 1차 스크리닝,18260223-3,과세매입,소모품비,전자기기,229000,태블릿PC 구매 - 사용자 및 사용부서 미기재,추가검토,높음,R110_MISSING_PURPOSE_DETAIL,사업관련성·사용처 정보 부족,목적·사용자·사용장소가 없으면 사업을 위해 사용한 지출인지 확인할 수 없음,부가가치세법 제38조 제1항·제39조 제1항 제4호,거래 목적·사용자·사용부서·사용장소와 관련 증빙을 입력하세요.,https://www.law.go.kr/법령/부가가치세법/제38조,소모품비 | 전자기기 | 태블릿PC 구매 - 사용자 및 사용부서 미기재,2026-08-13
프로토타입 1차 스크리닝,18260223-4,과세매입,비품,노트북,6610000,품질관리팀 검사데이터 분석용 노트북 구입,공제 가능,중간,R140_BUSINESS_EQUIPMENT_SERVICE,업무용 비품·설비·관리용역,과세사업 운영에 직접 사용하는 비품·설비·관리용역은 공제 원칙,부가가치세법 제38조 제1항,업무사용 및 과세사업 귀속 증빙을 보관하세요.,https://www.law.go.kr/법령/부가가치세법/제38조,비품 | 노트북 | 품질관리팀 검사데이터 분석용 노트북 구입,2026-08-13
프로토타입 1차 스크리닝,18260224-1,과세매입,운반비,화물운송,5805000,완제품 거래처 납품용 5톤 화물운송,공제 가능,중간,R140_BUSINESS_EQUIPMENT_SERVICE,업무용 비품·설비·관리용역,과세사업 운영에 직접 사용하는 비품·설비·관리용역은 공제 원칙,부가가치세법 제38조 제1항,업무사용 및 과세사업 귀속 증빙을 보관하세요.,https://www.law.go.kr/법령/부가가치세법/제38조,운반비 | 화물운송 | 완제품 거래처 납품용 5톤 화물운송,2026-08-13
프로토타입 1차 스크리닝,18260224-2,과세매입,부재료비,용접봉,7793000,생산공정 용접작업용 용접봉 구매,공제 가능,높음,R130_DIRECT_MATERIAL_OR_PROCESS,과세사업용 원재료·부재료·외주가공,과세사업의 생산·납품에 직접 사용되는 재화·용역은 공제 원칙,부가가치세법 제38조 제1항,과세사업 귀속과 실제 입고·검수 자료를 확인하세요.,https://www.law.go.kr/법령/부가가치세법/제38조,부재료비 | 용접봉 | 생산공정 용접작업용 용접봉 구매,2026-08-13
프로토타입 1차 스크리닝,18260224-3,과세매입,원자재,베어링,8093000,감속기 조립용 베어링 생산자재 매입,공제 가능,높음,R130_DIRECT_MATERIAL_OR_PROCESS,과세사업용 원재료·부재료·외주가공,과세사업의 생산·납품에 직접 사용되는 재화·용역은 공제 원칙,부가가치세법 제38조 제1항,과세사업 귀속과 실제 입고·검수 자료를 확인하세요.,https://www.law.go.kr/법령/부가가치세법/제38조,원자재 | 베어링 | 감속기 조립용 베어링 생산자재 매입,2026-08-13
프로토타입 1차 스크리닝,18260224-4,과세매입,소모품비,가사용품,191000,대표 개인주거지 배송 가사용 생활용품,불공제 가능,높음,R030_PRIVATE_OR_HOME_USE,사업과 직접 관련 없는 개인·가사 지출,대표자 개인사용·가사 지출 등 사업과 직접 관련 없는 지출은 불공제,부가가치세법 제39조 제1항 제4호·시행령 제77조,실제 사용 장소와 사용자 및 회사업무 관련성을 확인하세요.,https://www.law.go.kr/법령/부가가치세법시행령/제77조,소모품비 | 가사용품 | 대표 개인주거지 배송 가사용 생활용품,2026-08-13
프로토타입 1차 스크리닝,18260225-1,과세매입,기업업무추진비,거래처식사,670000,주요 거래처 임원 4명 접대 목적 저녁식사,불공제 가능,높음,R040_BUSINESS_PROMOTION,기업업무추진비·접대성 지출,기업업무추진비와 유사한 접대성 비용의 매입세액은 불공제,부가가치세법 제39조 제1항 제6호·시행령 제79조,지출 상대방·목적·참석자와 광고선전 또는 복리후생 해당 여부를 확인하세요.,https://www.law.go.kr/법령/부가가치세법시행령/제79조,기업업무추진비 | 거래처식사 | 주요 거래처 임원 4명 접대 목적 저녁식사,2026-08-13
프로토타입 1차 스크리닝,18260225-2,과세매입,복리후생비,개인용품,1908000,대표이사 자택 사용 가전제품 구매,불공제 가능,높음,R030_PRIVATE_OR_HOME_USE,사업과 직접 관련 없는 개인·가사 지출,대표자 개인사용·가사 지출 등 사업과 직접 관련 없는 지출은 불공제,부가가치세법 제39조 제1항 제4호·시행령 제77조,실제 사용 장소와 사용자 및 회사업무 관련성을 확인하세요.,https://www.law.go.kr/법령/부가가치세법시행령/제77조,복리후생비 | 개인용품 | 대표이사 자택 사용 가전제품 구매,2026-08-13
프로토타입 1차 스크리닝,18260225-3,과세매입,차량유지비,유류비,2358000,현장 방문 차량 주유 - 차종 및 차량번호 미기재,추가검토,높음,R100_AMBIGUOUS_VEHICLE,차종·용도 확인 필요,차량비는 차종과 직접 영업 사용 여부가 없으면 불공제 여부를 판정할 수 없음,부가가치세법 제39조 제1항 제5호,차종·정원·배기량·차량번호·업무용도를 입력하세요.,https://www.law.go.kr/법령/부가가치세법/제39조,차량유지비 | 유류비 | 현장 방문 차량 주유 - 차종 및 차량번호 미기재,2026-08-13
프로토타입 1차 스크리닝,18260225-4,과세매입,지급수수료,인허가용역,10200000,"과세 제조시설 신축사업 추진을 위한 행정 인허가 및 사업계획 조정 용역, 부지 취득 자체를 위한 용역 아님 / 계약서·거래명세·계좌이체 증빙 보관",공제 가능,중간,R120_BUSINESS_EXPANSION_SERVICE,과세사업 수행을 위한 인수·실사·자문,구체적 사업 수행에 필요하고 토지 자체의 가치 증가 비용이 아닌 용역은 공제 가능,부가가치세법 제38조 제1항·대법원 2010두15902·2010두12552,계약서·자문 산출물·사업계획·대금지급 증빙을 보관하세요.,https://law.go.kr/LSW/precInfoP.do?precSeq=171788,"지급수수료 | 인허가용역 | 과세 제조시설 신축사업 추진을 위한 행정 인허가 및 사업계획 조정 용역, 부지 취득 자체를 위한 용역 아님 / 계약서·거래명세·계좌이체…",2026-08-13
프로토타입 1차 스크리닝,18260226-1,과세매입,지급수수료,자문료,4912000,외부 컨설팅 수수료 - 프로젝트명 미기재,추가검토,높음,R110_MISSING_PURPOSE_DETAIL,사업관련성·사용처 정보 부족,목적·사용자·사용장소가 없으면 사업을 위해 사용한 지출인지 확인할 수 없음,부가가치세법 제38조 제1항·제39조 제1항 제4호,거래 목적·사용자·사용부서·사용장소와 관련 증빙을 입력하세요.,https://www.law.go.kr/법령/부가가치세법/제38조,지급수수료 | 자문료 | 외부 컨설팅 수수료 - 프로젝트명 미기재,2026-08-13
프로토타입 1차 스크리닝,18260226-2,과세매입,복리후생비(생산),생산직원식대,5268000,야간 잔업 생산직원 식대 18명,공제 가능,중간,R150_EMPLOYEE_WELFARE_TRAINING,종업원 복리후생·직무교육,종업원 공동 복리후생과 직무 관련 교육은 사업 관련 매입으로 공제 가능,부가가치세법 제38조 제1항,대상자가 종업원인지와 복리후생 기준을 확인하세요.,https://www.law.go.kr/법령/부가가치세법/제38조,복리후생비(생산) | 생산직원식대 | 야간 잔업 생산직원 식대 18명,2026-08-13
프로토타입 1차 스크리닝,18260226-3,과세매입,차량유지비,승용차수리,685000,"관리팀 1,600cc 승용차 엔진오일 및 수리",불공제 가능,높음,R050_SMALL_PASSENGER_CAR,비영업용 소형승용자동차 관련,직접 영업에 쓰는 예외 업종 외 소형승용차의 구입·임차·유지는 불공제,부가가치세법 제39조 제1항 제5호·시행령 제78조,차종·정원·배기량·차량번호와 직접 영업 사용 여부를 확인하세요.,https://www.law.go.kr/법령/부가가치세법시행령/제78조,"차량유지비 | 승용차수리 | 관리팀 1,600cc 승용차 엔진오일 및 수리",2026-08-13
프로토타입 1차 스크리닝,18260226-4,과세매입,비품,노트북,8789000,품질관리팀 검사데이터 분석용 노트북 구입,공제 가능,중간,R140_BUSINESS_EQUIPMENT_SERVICE,업무용 비품·설비·관리용역,과세사업 운영에 직접 사용하는 비품·설비·관리용역은 공제 원칙,부가가치세법 제38조 제1항,업무사용 및 과세사업 귀속 증빙을 보관하세요.,https://www.law.go.kr/법령/부가가치세법/제38조,비품 | 노트북 | 품질관리팀 검사데이터 분석용 노트북 구입,2026-08-13
프로토타입 1차 스크리닝,18260227-1,과세매입,소모품비(생산),안전장갑,5133000,현장 생산직 지급용 안전장갑 구매,공제 가능,높음,R130_DIRECT_MATERIAL_OR_PROCESS,과세사업용 원재료·부재료·외주가공,과세사업의 생산·납품에 직접 사용되는 재화·용역은 공제 원칙,부가가치세법 제38조 제1항,과세사업 귀속과 실제 입고·검수 자료를 확인하세요.,https://www.law.go.kr/법령/부가가치세법/제38조,소모품비(생산) | 안전장갑 | 현장 생산직 지급용 안전장갑 구매,2026-08-13
프로토타입 1차 스크리닝,18260227-2,과세매입,임차료,공장창고,3553000,원재료 보관용 외부 창고 월 임차료,공제 가능,높음,R130_DIRECT_MATERIAL_OR_PROCESS,과세사업용 원재료·부재료·외주가공,과세사업의 생산·납품에 직접 사용되는 재화·용역은 공제 원칙,부가가치세법 제38조 제1항,과세사업 귀속과 실제 입고·검수 자료를 확인하세요.,https://www.law.go.kr/법령/부가가치세법/제38조,임차료 | 공장창고 | 원재료 보관용 외부 창고 월 임차료,2026-08-13
프로토타입 1차 스크리닝,18260227-3,과세매입,복리후생비(생산),생산직원식대,7761000,야간 잔업 생산직원 식대 18명,공제 가능,중간,R150_EMPLOYEE_WELFARE_TRAINING,종업원 복리후생·직무교육,종업원 공동 복리후생과 직무 관련 교육은 사업 관련 매입으로 공제 가능,부가가치세법 제38조 제1항,대상자가 종업원인지와 복리후생 기준을 확인하세요.,https://www.law.go.kr/법령/부가가치세법/제38조,복리후생비(생산) | 생산직원식대 | 야간 잔업 생산직원 식대 18명,2026-08-13
프로토타입 1차 스크리닝,18260227-4,과세매입,운반비,화물운송,7156000,완제품 거래처 납품용 5톤 화물운송,공제 가능,중간,R140_BUSINESS_EQUIPMENT_SERVICE,업무용 비품·설비·관리용역,과세사업 운영에 직접 사용하는 비품·설비·관리용역은 공제 원칙,부가가치세법 제38조 제1항,업무사용 및 과세사업 귀속 증빙을 보관하세요.,https://www.law.go.kr/법령/부가가치세법/제38조,운반비 | 화물운송 | 완제품 거래처 납품용 5톤 화물운송,2026-08-13
프로토타입 1차 스크리닝,18260228-1,과세매입,소모품비,가사용품,1974000,대표 개인주거지 배송 가사용 생활용품,불공제 가능,높음,R030_PRIVATE_OR_HOME_USE,사업과 직접 관련 없는 개인·가사 지출,대표자 개인사용·가사 지출 등 사업과 직접 관련 없는 지출은 불공제,부가가치세법 제39조 제1항 제4호·시행령 제77조,실제 사용 장소와 사용자 및 회사업무 관련성을 확인하세요.,https://www.law.go.kr/법령/부가가치세법시행령/제77조,소모품비 | 가사용품 | 대표 개인주거지 배송 가사용 생활용품,2026-08-13
프로토타입 1차 스크리닝,18260228-2,과세매입,지급수수료,사업자문,14100000,생산시설 개발사업 공동시행을 위해 필요한 대상법인 지분 인수·사업승인 자문 / 계약서·거래명세·계좌이체 증빙 보관,공제 가능,중간,R120_BUSINESS_EXPANSION_SERVICE,과세사업 수행을 위한 인수·실사·자문,구체적 사업 수행에 필요하고 토지 자체의 가치 증가 비용이 아닌 용역은 공제 가능,부가가치세법 제38조 제1항·대법원 2010두15902·2010두12552,계약서·자문 산출물·사업계획·대금지급 증빙을 보관하세요.,https://law.go.kr/LSW/precInfoP.do?precSeq=171788,지급수수료 | 사업자문 | 생산시설 개발사업 공동시행을 위해 필요한 대상법인 지분 인수·사업승인 자문 / 계약서·거래명세·계좌이체 증빙 보관,2026-08-13
프로토타입 1차 스크리닝,18260228-3,과세매입,수선비,설비수리,1384000,CNC 선반 스핀들 고장 수리 및 부품교체,공제 가능,중간,R140_BUSINESS_EQUIPMENT_SERVICE,업무용 비품·설비·관리용역,과세사업 운영에 직접 사용하는 비품·설비·관리용역은 공제 원칙,부가가치세법 제38조 제1항,업무사용 및 과세사업 귀속 증빙을 보관하세요.,https://www.law.go.kr/법령/부가가치세법/제38조,수선비 | 설비수리 | CNC 선반 스핀들 고장 수리 및 부품교체,2026-08-13
프로토타입 1차 스크리닝,18260228-4,과세매입,비품,노트북,5819000,품질관리팀 검사데이터 분석용 노트북 구입,공제 가능,중간,R140_BUSINESS_EQUIPMENT_SERVICE,업무용 비품·설비·관리용역,과세사업 운영에 직접 사용하는 비품·설비·관리용역은 공제 원칙,부가가치세법 제38조 제1항,업무사용 및 과세사업 귀속 증빙을 보관하세요.,https://www.law.go.kr/법령/부가가치세법/제38조,비품 | 노트북 | 품질관리팀 검사데이터 분석용 노트북 구입,2026-08-13
프로토타입 1차 스크리닝,18260301-1,과세매입,복리후생비(관리),직원간식,7308000,사무실 전 직원 공용 간식 및 생수 구매,공제 가능,중간,R150_EMPLOYEE_WELFARE_TRAINING,종업원 복리후생·직무교육,종업원 공동 복리후생과 직무 관련 교육은 사업 관련 매입으로 공제 가능,부가가치세법 제38조 제1항,대상자가 종업원인지와 복리후생 기준을 확인하세요.,https://www.law.go.kr/법령/부가가치세법/제38조,복리후생비(관리) | 직원간식 | 사무실 전 직원 공용 간식 및 생수 구매,2026-08-13
프로토타입 1차 스크리닝,18260301-2,과세매입,수선비,설비수리,5036000,CNC 선반 스핀들 고장 수리 및 부품교체,공제 가능,중간,R140_BUSINESS_EQUIPMENT_SERVICE,업무용 비품·설비·관리용역,과세사업 운영에 직접 사용하는 비품·설비·관리용역은 공제 원칙,부가가치세법 제38조 제1항,업무사용 및 과세사업 귀속 증빙을 보관하세요.,https://www.law.go.kr/법령/부가가치세법/제38조,수선비 | 설비수리 | CNC 선반 스핀들 고장 수리 및 부품교체,2026-08-13
프로토타입 1차 스크리닝,18260301-3,과세매입,임차료,승용차렌트,1459000,영업관리용 5인승 승용차 월 렌트료,불공제 가능,높음,R050_SMALL_PASSENGER_CAR,비영업용 소형승용자동차 관련,직접 영업에 쓰는 예외 업종 외 소형승용차의 구입·임차·유지는 불공제,부가가치세법 제39조 제1항 제5호·시행령 제78조,차종·정원·배기량·차량번호와 직접 영업 사용 여부를 확인하세요.,https://www.law.go.kr/법령/부가가치세법시행령/제78조,임차료 | 승용차렌트 | 영업관리용 5인승 승용차 월 렌트료,2026-08-13
프로토타입 1차 스크리닝,18260301-4,과세매입,기업업무추진비,거래처선물,2185000,거래처 대표 명절 선물세트 제공,불공제 가능,높음,R040_BUSINESS_PROMOTION,기업업무추진비·접대성 지출,기업업무추진비와 유사한 접대성 비용의 매입세액은 불공제,부가가치세법 제39조 제1항 제6호·시행령 제79조,지출 상대방·목적·참석자와 광고선전 또는 복리후생 해당 여부를 확인하세요.,https://www.law.go.kr/법령/부가가치세법시행령/제79조,기업업무추진비 | 거래처선물 | 거래처 대표 명절 선물세트 제공,2026-08-13
프로토타입 1차 스크리닝,18260302-1,과세매입,기업업무추진비,골프비,1194000,거래처 관계유지 목적 골프장 이용료,불공제 가능,높음,R040_BUSINESS_PROMOTION,기업업무추진비·접대성 지출,기업업무추진비와 유사한 접대성 비용의 매입세액은 불공제,부가가치세법 제39조 제1항 제6호·시행령 제79조,지출 상대방·목적·참석자와 광고선전 또는 복리후생 해당 여부를 확인하세요.,https://www.law.go.kr/법령/부가가치세법시행령/제79조,기업업무추진비 | 골프비 | 거래처 관계유지 목적 골프장 이용료,2026-08-13
프로토타입 1차 스크리닝,18260302-2,과세매입,차량유지비,유류비,1940000,현장 방문 차량 주유 - 차종 및 차량번호 미기재,추가검토,높음,R100_AMBIGUOUS_VEHICLE,차종·용도 확인 필요,차량비는 차종과 직접 영업 사용 여부가 없으면 불공제 여부를 판정할 수 없음,부가가치세법 제39조 제1항 제5호,차종·정원·배기량·차량번호·업무용도를 입력하세요.,https://www.law.go.kr/법령/부가가치세법/제39조,차량유지비 | 유류비 | 현장 방문 차량 주유 - 차종 및 차량번호 미기재,2026-08-13
프로토타입 1차 스크리닝,18260302-3,과세매입,외주가공비,도금가공,1758000,납품제품 표면 아연도금 외주가공,공제 가능,높음,R130_DIRECT_MATERIAL_OR_PROCESS,과세사업용 원재료·부재료·외주가공,과세사업의 생산·납품에 직접 사용되는 재화·용역은 공제 원칙,부가가치세법 제38조 제1항,과세사업 귀속과 실제 입고·검수 자료를 확인하세요.,https://www.law.go.kr/법령/부가가치세법/제38조,외주가공비 | 도금가공 | 납품제품 표면 아연도금 외주가공,2026-08-13
프로토타입 1차 스크리닝,18260302-4,과세매입,지급수수료,재무실사,9000000,신규 과세사업 부지 확보와 사업시행에 필수인 법인 인수 전 재무·자산 실사 수수료 / 계약서·거래명세·계좌이체 증빙 보관,공제 가능,중간,R120_BUSINESS_EXPANSION_SERVICE,과세사업 수행을 위한 인수·실사·자문,구체적 사업 수행에 필요하고 토지 자체의 가치 증가 비용이 아닌 용역은 공제 가능,부가가치세법 제38조 제1항·대법원 2010두15902·2010두12552,계약서·자문 산출물·사업계획·대금지급 증빙을 보관하세요.,https://law.go.kr/LSW/precInfoP.do?precSeq=171788,지급수수료 | 재무실사 | 신규 과세사업 부지 확보와 사업시행에 필수인 법인 인수 전 재무·자산 실사 수수료 / 계약서·거래명세·계좌이체 증빙 보관,2026-08-13
프로토타입 1차 스크리닝,18260303-1,과세매입,운반비,화물운송,6848000,완제품 거래처 납품용 5톤 화물운송,공제 가능,중간,R140_BUSINESS_EQUIPMENT_SERVICE,업무용 비품·설비·관리용역,과세사업 운영에 직접 사용하는 비품·설비·관리용역은 공제 원칙,부가가치세법 제38조 제1항,업무사용 및 과세사업 귀속 증빙을 보관하세요.,https://www.law.go.kr/법령/부가가치세법/제38조,운반비 | 화물운송 | 완제품 거래처 납품용 5톤 화물운송,2026-08-13
프로토타입 1차 스크리닝,18260303-2,과세매입,소모품비,가사용품,1688000,대표 개인주거지 배송 가사용 생활용품,불공제 가능,높음,R030_PRIVATE_OR_HOME_USE,사업과 직접 관련 없는 개인·가사 지출,대표자 개인사용·가사 지출 등 사업과 직접 관련 없는 지출은 불공제,부가가치세법 제39조 제1항 제4호·시행령 제77조,실제 사용 장소와 사용자 및 회사업무 관련성을 확인하세요.,https://www.law.go.kr/법령/부가가치세법시행령/제77조,소모품비 | 가사용품 | 대표 개인주거지 배송 가사용 생활용품,2026-08-13
프로토타입 1차 스크리닝,18260303-3,과세매입,임차료,공장창고,2090000,원재료 보관용 외부 창고 월 임차료,공제 가능,높음,R130_DIRECT_MATERIAL_OR_PROCESS,과세사업용 원재료·부재료·외주가공,과세사업의 생산·납품에 직접 사용되는 재화·용역은 공제 원칙,부가가치세법 제38조 제1항,과세사업 귀속과 실제 입고·검수 자료를 확인하세요.,https://www.law.go.kr/법령/부가가치세법/제38조,임차료 | 공장창고 | 원재료 보관용 외부 창고 월 임차료,2026-08-13
프로토타입 1차 스크리닝,18260303-4,과세매입,복리후생비(생산),생산직원식대,4326000,야간 잔업 생산직원 식대 18명,공제 가능,중간,R150_EMPLOYEE_WELFARE_TRAINING,종업원 복리후생·직무교육,종업원 공동 복리후생과 직무 관련 교육은 사업 관련 매입으로 공제 가능,부가가치세법 제38조 제1항,대상자가 종업원인지와 복리후생 기준을 확인하세요.,https://www.law.go.kr/법령/부가가치세법/제38조,복리후생비(생산) | 생산직원식대 | 야간 잔업 생산직원 식대 18명,2026-08-13
프로토타입 1차 스크리닝,18260304-1,과세매입,수선비,설비수리,5280000,CNC 선반 스핀들 고장 수리 및 부품교체,공제 가능,중간,R140_BUSINESS_EQUIPMENT_SERVICE,업무용 비품·설비·관리용역,과세사업 운영에 직접 사용하는 비품·설비·관리용역은 공제 원칙,부가가치세법 제38조 제1항,업무사용 및 과세사업 귀속 증빙을 보관하세요.,https://www.law.go.kr/법령/부가가치세법/제38조,수선비 | 설비수리 | CNC 선반 스핀들 고장 수리 및 부품교체,2026-08-13
프로토타입 1차 스크리닝,18260304-2,과세매입,지급수수료,회계감사,2972000,외부감사 대응 재고실사 및 회계자문 수수료,공제 가능,중간,R140_BUSINESS_EQUIPMENT_SERVICE,업무용 비품·설비·관리용역,과세사업 운영에 직접 사용하는 비품·설비·관리용역은 공제 원칙,부가가치세법 제38조 제1항,업무사용 및 과세사업 귀속 증빙을 보관하세요.,https://www.law.go.kr/법령/부가가치세법/제38조,지급수수료 | 회계감사 | 외부감사 대응 재고실사 및 회계자문 수수료,2026-08-13
프로토타입 1차 스크리닝,18260304-3,과세매입,소모품비(생산),안전장갑,2753000,현장 생산직 지급용 안전장갑 구매,공제 가능,높음,R130_DIRECT_MATERIAL_OR_PROCESS,과세사업용 원재료·부재료·외주가공,과세사업의 생산·납품에 직접 사용되는 재화·용역은 공제 원칙,부가가치세법 제38조 제1항,과세사업 귀속과 실제 입고·검수 자료를 확인하세요.,https://www.law.go.kr/법령/부가가치세법/제38조,소모품비(생산) | 안전장갑 | 현장 생산직 지급용 안전장갑 구매,2026-08-13
프로토타입 1차 스크리닝,18260304-4,과세매입,기업업무추진비,골프비,291000,거래처 관계유지 목적 골프장 이용료,불공제 가능,높음,R040_BUSINESS_PROMOTION,기업업무추진비·접대성 지출,기업업무추진비와 유사한 접대성 비용의 매입세액은 불공제,부가가치세법 제39조 제1항 제6호·시행령 제79조,지출 상대방·목적·참석자와 광고선전 또는 복리후생 해당 여부를 확인하세요.,https://www.law.go.kr/법령/부가가치세법시행령/제79조,기업업무추진비 | 골프비 | 거래처 관계유지 목적 골프장 이용료,2026-08-13
프로토타입 1차 스크리닝,18260305-1,과세매입,수선비,시설수리,2486000,건물 시설 수리비 - 사업장/사택 구분 미기재,추가검토,높음,R110_MISSING_PURPOSE_DETAIL,사업관련성·사용처 정보 부족,목적·사용자·사용장소가 없으면 사업을 위해 사용한 지출인지 확인할 수 없음,부가가치세법 제38조 제1항·제39조 제1항 제4호,거래 목적·사용자·사용부서·사용장소와 관련 증빙을 입력하세요.,https://www.law.go.kr/법령/부가가치세법/제38조,수선비 | 시설수리 | 건물 시설 수리비 - 사업장/사택 구분 미기재,2026-08-13
프로토타입 1차 스크리닝,18260305-2,과세매입,원자재,포장박스,2490000,"세금계산서 공급자 사업자등록은 가족 명의이나 실운영자가 직접 사업장·직원·재고를 관리하고 포장박스 전량 실제 입고, 수량·단가·대금 일치 확인 / 계약서·거래명세·계좌이체 증빙 보관",추가검토,높음,R010_SUPPLIER_NAME_MISMATCH,명의와 실질 거래주체 판단,세금계산서 명의와 실제 공급자의 일치 여부는 구체적 거래 사실을 확인해야 함,부가가치세법 제39조 제1항 제2호,계약·발주·납품·대금수령 주체와 명의자의 실제 관여를 확인하세요.,https://www.law.go.kr/법령/부가가치세법/제39조,"원자재 | 포장박스 | 세금계산서 공급자 사업자등록은 가족 명의이나 실운영자가 직접 사업장·직원·재고를 관리하고 포장박스 전량 실제 입고, 수량…",2026-08-13
프로토타입 1차 스크리닝,18260305-3,과세매입,수선비,설비수리,1913000,CNC 선반 스핀들 고장 수리 및 부품교체,공제 가능,중간,R140_BUSINESS_EQUIPMENT_SERVICE,업무용 비품·설비·관리용역,과세사업 운영에 직접 사용하는 비품·설비·관리용역은 공제 원칙,부가가치세법 제38조 제1항,업무사용 및 과세사업 귀속 증빙을 보관하세요.,https://www.law.go.kr/법령/부가가치세법/제38조,수선비 | 설비수리 | CNC 선반 스핀들 고장 수리 및 부품교체,2026-08-13
프로토타입 1차 스크리닝,18260305-4,과세매입,광고선전비,제품카탈로그,8966000,"B2B 영업용 제품 카탈로그 2,000부 제작",공제 가능,중간,R160_ADVERTISING_SALES,광고·판매촉진,과세매출을 위한 일반 광고·판매촉진비는 공제 원칙,부가가치세법 제38조 제1항,배포대상과 광고 목적을 확인하세요.,https://www.law.go.kr/법령/부가가치세법/제38조,"광고선전비 | 제품카탈로그 | B2B 영업용 제품 카탈로그 2,000부 제작",2026-08-13
프로토타입 1차 스크리닝,18260306-1,과세매입,원자재,철판,3864000,A라인 생산용 SS400 철판 원재료 매입,공제 가능,높음,R130_DIRECT_MATERIAL_OR_PROCESS,과세사업용 원재료·부재료·외주가공,과세사업의 생산·납품에 직접 사용되는 재화·용역은 공제 원칙,부가가치세법 제38조 제1항,과세사업 귀속과 실제 입고·검수 자료를 확인하세요.,https://www.law.go.kr/법령/부가가치세법/제38조,원자재 | 철판 | A라인 생산용 SS400 철판 원재료 매입,2026-08-13
프로토타입 1차 스크리닝,18260306-2,과세매입,임차료,승용차렌트,1853000,영업관리용 5인승 승용차 월 렌트료,불공제 가능,높음,R050_SMALL_PASSENGER_CAR,비영업용 소형승용자동차 관련,직접 영업에 쓰는 예외 업종 외 소형승용차의 구입·임차·유지는 불공제,부가가치세법 제39조 제1항 제5호·시행령 제78조,차종·정원·배기량·차량번호와 직접 영업 사용 여부를 확인하세요.,https://www.law.go.kr/법령/부가가치세법시행령/제78조,임차료 | 승용차렌트 | 영업관리용 5인승 승용차 월 렌트료,2026-08-13
프로토타입 1차 스크리닝,18260306-3,과세매입,기업업무추진비,골프비,2403000,거래처 관계유지 목적 골프장 이용료,불공제 가능,높음,R040_BUSINESS_PROMOTION,기업업무추진비·접대성 지출,기업업무추진비와 유사한 접대성 비용의 매입세액은 불공제,부가가치세법 제39조 제1항 제6호·시행령 제79조,지출 상대방·목적·참석자와 광고선전 또는 복리후생 해당 여부를 확인하세요.,https://www.law.go.kr/법령/부가가치세법시행령/제79조,기업업무추진비 | 골프비 | 거래처 관계유지 목적 골프장 이용료,2026-08-13
프로토타입 1차 스크리닝,18260306-4,과세매입,차량유지비,승용차수리,1130000,"관리팀 1,600cc 승용차 엔진오일 및 수리",불공제 가능,높음,R050_SMALL_PASSENGER_CAR,비영업용 소형승용자동차 관련,직접 영업에 쓰는 예외 업종 외 소형승용차의 구입·임차·유지는 불공제,부가가치세법 제39조 제1항 제5호·시행령 제78조,차종·정원·배기량·차량번호와 직접 영업 사용 여부를 확인하세요.,https://www.law.go.kr/법령/부가가치세법시행령/제78조,"차량유지비 | 승용차수리 | 관리팀 1,600cc 승용차 엔진오일 및 수리",2026-08-13
프로토타입 1차 스크리닝,18260307-1,과세매입,수선비,시설수리,1087000,건물 시설 수리비 - 사업장/사택 구분 미기재,추가검토,높음,R110_MISSING_PURPOSE_DETAIL,사업관련성·사용처 정보 부족,목적·사용자·사용장소가 없으면 사업을 위해 사용한 지출인지 확인할 수 없음,부가가치세법 제38조 제1항·제39조 제1항 제4호,거래 목적·사용자·사용부서·사용장소와 관련 증빙을 입력하세요.,https://www.law.go.kr/법령/부가가치세법/제38조,수선비 | 시설수리 | 건물 시설 수리비 - 사업장/사택 구분 미기재,2026-08-13
프로토타입 1차 스크리닝,18260307-2,과세매입,소모품비(생산),안전장갑,6437000,현장 생산직 지급용 안전장갑 구매,공제 가능,높음,R130_DIRECT_MATERIAL_OR_PROCESS,과세사업용 원재료·부재료·외주가공,과세사업의 생산·납품에 직접 사용되는 재화·용역은 공제 원칙,부가가치세법 제38조 제1항,과세사업 귀속과 실제 입고·검수 자료를 확인하세요.,https://www.law.go.kr/법령/부가가치세법/제38조,소모품비(생산) | 안전장갑 | 현장 생산직 지급용 안전장갑 구매,2026-08-13
프로토타입 1차 스크리닝,18260307-3,과세매입,여비교통비,숙박비,1720000,지방 숙박비 - 출장자 및 출장목적 미기재,추가검토,높음,R110_MISSING_PURPOSE_DETAIL,사업관련성·사용처 정보 부족,목적·사용자·사용장소가 없으면 사업을 위해 사용한 지출인지 확인할 수 없음,부가가치세법 제38조 제1항·제39조 제1항 제4호,거래 목적·사용자·사용부서·사용장소와 관련 증빙을 입력하세요.,https://www.law.go.kr/법령/부가가치세법/제38조,여비교통비 | 숙박비 | 지방 숙박비 - 출장자 및 출장목적 미기재,2026-08-13
프로토타입 1차 스크리닝,18260307-4,과세매입,원자재,스프원료,7260000,공급자 등록명의와 실운영자 상이. 실운영자가 계약·납품·대금수령 전담했고 세금계산서 기재 수량과 실제 검수수량·가격이 일치 / 계약서·거래명세·계좌이체 증빙 보관,추가검토,높음,R010_SUPPLIER_NAME_MISMATCH,명의와 실질 거래주체 판단,세금계산서 명의와 실제 공급자의 일치 여부는 구체적 거래 사실을 확인해야 함,부가가치세법 제39조 제1항 제2호,계약·발주·납품·대금수령 주체와 명의자의 실제 관여를 확인하세요.,https://www.law.go.kr/법령/부가가치세법/제39조,원자재 | 스프원료 | 공급자 등록명의와 실운영자 상이. 실운영자가 계약·납품·대금수령 전담했고 세금계산서 기재 수량과 실제 검수수량·가격이 일치…,2026-08-13
프로토타입 1차 스크리닝,18260308-1,과세매입,차량유지비,승용차수리,336000,"관리팀 1,600cc 승용차 엔진오일 및 수리",불공제 가능,높음,R050_SMALL_PASSENGER_CAR,비영업용 소형승용자동차 관련,직접 영업에 쓰는 예외 업종 외 소형승용차의 구입·임차·유지는 불공제,부가가치세법 제39조 제1항 제5호·시행령 제78조,차종·정원·배기량·차량번호와 직접 영업 사용 여부를 확인하세요.,https://www.law.go.kr/법령/부가가치세법시행령/제78조,"차량유지비 | 승용차수리 | 관리팀 1,600cc 승용차 엔진오일 및 수리",2026-08-13
프로토타입 1차 스크리닝,18260308-2,과세매입,소모품비(생산),안전장갑,7129000,현장 생산직 지급용 안전장갑 구매,공제 가능,높음,R130_DIRECT_MATERIAL_OR_PROCESS,과세사업용 원재료·부재료·외주가공,과세사업의 생산·납품에 직접 사용되는 재화·용역은 공제 원칙,부가가치세법 제38조 제1항,과세사업 귀속과 실제 입고·검수 자료를 확인하세요.,https://www.law.go.kr/법령/부가가치세법/제38조,소모품비(생산) | 안전장갑 | 현장 생산직 지급용 안전장갑 구매,2026-08-13
프로토타입 1차 스크리닝,18260308-3,과세매입,외주가공비,도금가공,790000,납품제품 표면 아연도금 외주가공,공제 가능,높음,R130_DIRECT_MATERIAL_OR_PROCESS,과세사업용 원재료·부재료·외주가공,과세사업의 생산·납품에 직접 사용되는 재화·용역은 공제 원칙,부가가치세법 제38조 제1항,과세사업 귀속과 실제 입고·검수 자료를 확인하세요.,https://www.law.go.kr/법령/부가가치세법/제38조,외주가공비 | 도금가공 | 납품제품 표면 아연도금 외주가공,2026-08-13
프로토타입 1차 스크리닝,18260308-4,과세매입,외주가공비,도금가공,8473000,납품제품 표면 아연도금 외주가공,공제 가능,높음,R130_DIRECT_MATERIAL_OR_PROCESS,과세사업용 원재료·부재료·외주가공,과세사업의 생산·납품에 직접 사용되는 재화·용역은 공제 원칙,부가가치세법 제38조 제1항,과세사업 귀속과 실제 입고·검수 자료를 확인하세요.,https://www.law.go.kr/법령/부가가치세법/제38조,외주가공비 | 도금가공 | 납품제품 표면 아연도금 외주가공,2026-08-13
프로토타입 1차 스크리닝,18260309-1,과세매입,원자재,철판,1921000,A라인 생산용 SS400 철판 원재료 매입,공제 가능,높음,R130_DIRECT_MATERIAL_OR_PROCESS,과세사업용 원재료·부재료·외주가공,과세사업의 생산·납품에 직접 사용되는 재화·용역은 공제 원칙,부가가치세법 제38조 제1항,과세사업 귀속과 실제 입고·검수 자료를 확인하세요.,https://www.law.go.kr/법령/부가가치세법/제38조,원자재 | 철판 | A라인 생산용 SS400 철판 원재료 매입,2026-08-13
프로토타입 1차 스크리닝,18260309-2,과세매입,광고선전비,제품카탈로그,5296000,"B2B 영업용 제품 카탈로그 2,000부 제작",공제 가능,중간,R160_ADVERTISING_SALES,광고·판매촉진,과세매출을 위한 일반 광고·판매촉진비는 공제 원칙,부가가치세법 제38조 제1항,배포대상과 광고 목적을 확인하세요.,https://www.law.go.kr/법령/부가가치세법/제38조,"광고선전비 | 제품카탈로그 | B2B 영업용 제품 카탈로그 2,000부 제작",2026-08-13
프로토타입 1차 스크리닝,18260309-3,과세매입,차량유지비,승용차수리,2367000,"관리팀 1,600cc 승용차 엔진오일 및 수리",불공제 가능,높음,R050_SMALL_PASSENGER_CAR,비영업용 소형승용자동차 관련,직접 영업에 쓰는 예외 업종 외 소형승용차의 구입·임차·유지는 불공제,부가가치세법 제39조 제1항 제5호·시행령 제78조,차종·정원·배기량·차량번호와 직접 영업 사용 여부를 확인하세요.,https://www.law.go.kr/법령/부가가치세법시행령/제78조,"차량유지비 | 승용차수리 | 관리팀 1,600cc 승용차 엔진오일 및 수리",2026-08-13
프로토타입 1차 스크리닝,18260309-4,과세매입,여비교통비,숙박비,4259000,지방 숙박비 - 출장자 및 출장목적 미기재,추가검토,높음,R110_MISSING_PURPOSE_DETAIL,사업관련성·사용처 정보 부족,목적·사용자·사용장소가 없으면 사업을 위해 사용한 지출인지 확인할 수 없음,부가가치세법 제38조 제1항·제39조 제1항 제4호,거래 목적·사용자·사용부서·사용장소와 관련 증빙을 입력하세요.,https://www.law.go.kr/법령/부가가치세법/제38조,여비교통비 | 숙박비 | 지방 숙박비 - 출장자 및 출장목적 미기재,2026-08-13
프로토타입 1차 스크리닝,18260310-1,과세매입,부재료비,용접봉,2195000,생산공정 용접작업용 용접봉 구매,공제 가능,높음,R130_DIRECT_MATERIAL_OR_PROCESS,과세사업용 원재료·부재료·외주가공,과세사업의 생산·납품에 직접 사용되는 재화·용역은 공제 원칙,부가가치세법 제38조 제1항,과세사업 귀속과 실제 입고·검수 자료를 확인하세요.,https://www.law.go.kr/법령/부가가치세법/제38조,부재료비 | 용접봉 | 생산공정 용접작업용 용접봉 구매,2026-08-13
프로토타입 1차 스크리닝,18260310-2,과세매입,부재료비,포장필름,4470000,"형식상 제3자 명의 사업자등록이나 실운영자가 생산설비·직원·계좌를 직접 관리, 거래명세·입고수량·세금계산서 금액 모두 일치 / 계약서·거래명세·계좌이체 증빙 보관",추가검토,높음,R010_SUPPLIER_NAME_MISMATCH,명의와 실질 거래주체 판단,세금계산서 명의와 실제 공급자의 일치 여부는 구체적 거래 사실을 확인해야 함,부가가치세법 제39조 제1항 제2호,계약·발주·납품·대금수령 주체와 명의자의 실제 관여를 확인하세요.,https://www.law.go.kr/법령/부가가치세법/제39조,"부재료비 | 포장필름 | 형식상 제3자 명의 사업자등록이나 실운영자가 생산설비·직원·계좌를 직접 관리, 거래명세·입고수량·세…",2026-08-13
프로토타입 1차 스크리닝,18260310-3,과세매입,부재료비,용접봉,5640000,생산공정 용접작업용 용접봉 구매,공제 가능,높음,R130_DIRECT_MATERIAL_OR_PROCESS,과세사업용 원재료·부재료·외주가공,과세사업의 생산·납품에 직접 사용되는 재화·용역은 공제 원칙,부가가치세법 제38조 제1항,과세사업 귀속과 실제 입고·검수 자료를 확인하세요.,https://www.law.go.kr/법령/부가가치세법/제38조,부재료비 | 용접봉 | 생산공정 용접작업용 용접봉 구매,2026-08-13
프로토타입 1차 스크리닝,18260310-4,과세매입,광고선전비,제품카탈로그,4796000,"B2B 영업용 제품 카탈로그 2,000부 제작",공제 가능,중간,R160_ADVERTISING_SALES,광고·판매촉진,과세매출을 위한 일반 광고·판매촉진비는 공제 원칙,부가가치세법 제38조 제1항,배포대상과 광고 목적을 확인하세요.,https://www.law.go.kr/법령/부가가치세법/제38조,"광고선전비 | 제품카탈로그 | B2B 영업용 제품 카탈로그 2,000부 제작",2026-08-13
프로토타입 1차 스크리닝,18260311-1,과세매입,기업업무추진비,거래처식사,802000,주요 거래처 임원 4명 접대 목적 저녁식사,불공제 가능,높음,R040_BUSINESS_PROMOTION,기업업무추진비·접대성 지출,기업업무추진비와 유사한 접대성 비용의 매입세액은 불공제,부가가치세법 제39조 제1항 제6호·시행령 제79조,지출 상대방·목적·참석자와 광고선전 또는 복리후생 해당 여부를 확인하세요.,https://www.law.go.kr/법령/부가가치세법시행령/제79조,기업업무추진비 | 거래처식사 | 주요 거래처 임원 4명 접대 목적 저녁식사,2026-08-13
프로토타입 1차 스크리닝,18260311-2,과세매입,복리후생비,개인용품,1080000,대표이사 자택 사용 가전제품 구매,불공제 가능,높음,R030_PRIVATE_OR_HOME_USE,사업과 직접 관련 없는 개인·가사 지출,대표자 개인사용·가사 지출 등 사업과 직접 관련 없는 지출은 불공제,부가가치세법 제39조 제1항 제4호·시행령 제77조,실제 사용 장소와 사용자 및 회사업무 관련성을 확인하세요.,https://www.law.go.kr/법령/부가가치세법시행령/제77조,복리후생비 | 개인용품 | 대표이사 자택 사용 가전제품 구매,2026-08-13
프로토타입 1차 스크리닝,18260311-3,과세매입,임차료,승용차렌트,2358000,영업관리용 5인승 승용차 월 렌트료,불공제 가능,높음,R050_SMALL_PASSENGER_CAR,비영업용 소형승용자동차 관련,직접 영업에 쓰는 예외 업종 외 소형승용차의 구입·임차·유지는 불공제,부가가치세법 제39조 제1항 제5호·시행령 제78조,차종·정원·배기량·차량번호와 직접 영업 사용 여부를 확인하세요.,https://www.law.go.kr/법령/부가가치세법시행령/제78조,임차료 | 승용차렌트 | 영업관리용 5인승 승용차 월 렌트료,2026-08-13
프로토타입 1차 스크리닝,18260311-4,과세매입,회의비,식대,4989000,외부 참석자 포함 회의 식대 - 참석자 명단 미첨부,추가검토,높음,R110_MISSING_PURPOSE_DETAIL,사업관련성·사용처 정보 부족,목적·사용자·사용장소가 없으면 사업을 위해 사용한 지출인지 확인할 수 없음,부가가치세법 제38조 제1항·제39조 제1항 제4호,거래 목적·사용자·사용부서·사용장소와 관련 증빙을 입력하세요.,https://www.law.go.kr/법령/부가가치세법/제38조,회의비 | 식대 | 외부 참석자 포함 회의 식대 - 참석자 명단 미첨부,2026-08-13
프로토타입 1차 스크리닝,18260312-1,과세매입,통신비,법인휴대폰,5661000,영업팀 법인명의 업무용 휴대전화 요금,공제 가능,중간,R140_BUSINESS_EQUIPMENT_SERVICE,업무용 비품·설비·관리용역,과세사업 운영에 직접 사용하는 비품·설비·관리용역은 공제 원칙,부가가치세법 제38조 제1항,업무사용 및 과세사업 귀속 증빙을 보관하세요.,https://www.law.go.kr/법령/부가가치세법/제38조,통신비 | 법인휴대폰 | 영업팀 법인명의 업무용 휴대전화 요금,2026-08-13
프로토타입 1차 스크리닝,18260312-2,과세매입,복리후생비,식대,4466000,주말 식대 6명 - 임직원 여부 미기재,추가검토,높음,R110_MISSING_PURPOSE_DETAIL,사업관련성·사용처 정보 부족,목적·사용자·사용장소가 없으면 사업을 위해 사용한 지출인지 확인할 수 없음,부가가치세법 제38조 제1항·제39조 제1항 제4호,거래 목적·사용자·사용부서·사용장소와 관련 증빙을 입력하세요.,https://www.law.go.kr/법령/부가가치세법/제38조,복리후생비 | 식대 | 주말 식대 6명 - 임직원 여부 미기재,2026-08-13
프로토타입 1차 스크리닝,18260312-3,과세매입,여비교통비,숙박비,4133000,지방 숙박비 - 출장자 및 출장목적 미기재,추가검토,높음,R110_MISSING_PURPOSE_DETAIL,사업관련성·사용처 정보 부족,목적·사용자·사용장소가 없으면 사업을 위해 사용한 지출인지 확인할 수 없음,부가가치세법 제38조 제1항·제39조 제1항 제4호,거래 목적·사용자·사용부서·사용장소와 관련 증빙을 입력하세요.,https://www.law.go.kr/법령/부가가치세법/제38조,여비교통비 | 숙박비 | 지방 숙박비 - 출장자 및 출장목적 미기재,2026-08-13
프로토타입 1차 스크리닝,18260312-4,과세매입,외주가공비,절삭가공,2370000,"외주업체 사업자등록 명의자는 배우자이나 실제 운영자가 수년간 직접 공장 운영·견적·납품·대금관리, 가공품 수량·단가 일치 / 계약서·거래명세·계좌이체 증빙 보관",추가검토,높음,R010_SUPPLIER_NAME_MISMATCH,명의와 실질 거래주체 판단,세금계산서 명의와 실제 공급자의 일치 여부는 구체적 거래 사실을 확인해야 함,부가가치세법 제39조 제1항 제2호,계약·발주·납품·대금수령 주체와 명의자의 실제 관여를 확인하세요.,https://www.law.go.kr/법령/부가가치세법/제39조,"외주가공비 | 절삭가공 | 외주업체 사업자등록 명의자는 배우자이나 실제 운영자가 수년간 직접 공장 운영·견적·납품·대금관리, 가공품 수량·단가 일치 / 계약…",2026-08-13
프로토타입 1차 스크리닝,18260313-1,과세매입,소모품비(생산),안전장갑,7155000,현장 생산직 지급용 안전장갑 구매,공제 가능,높음,R130_DIRECT_MATERIAL_OR_PROCESS,과세사업용 원재료·부재료·외주가공,과세사업의 생산·납품에 직접 사용되는 재화·용역은 공제 원칙,부가가치세법 제38조 제1항,과세사업 귀속과 실제 입고·검수 자료를 확인하세요.,https://www.law.go.kr/법령/부가가치세법/제38조,소모품비(생산) | 안전장갑 | 현장 생산직 지급용 안전장갑 구매,2026-08-13
프로토타입 1차 스크리닝,18260313-2,과세매입,교육훈련비,안전교육,6136000,생산팀 산업안전·설비조작 교육비,공제 가능,중간,R140_BUSINESS_EQUIPMENT_SERVICE,업무용 비품·설비·관리용역,과세사업 운영에 직접 사용하는 비품·설비·관리용역은 공제 원칙,부가가치세법 제38조 제1항,업무사용 및 과세사업 귀속 증빙을 보관하세요.,https://www.law.go.kr/법령/부가가치세법/제38조,교육훈련비 | 안전교육 | 생산팀 산업안전·설비조작 교육비,2026-08-13
프로토타입 1차 스크리닝,18260313-3,과세매입,원자재,철판,6477000,A라인 생산용 SS400 철판 원재료 매입,공제 가능,높음,R130_DIRECT_MATERIAL_OR_PROCESS,과세사업용 원재료·부재료·외주가공,과세사업의 생산·납품에 직접 사용되는 재화·용역은 공제 원칙,부가가치세법 제38조 제1항,과세사업 귀속과 실제 입고·검수 자료를 확인하세요.,https://www.law.go.kr/법령/부가가치세법/제38조,원자재 | 철판 | A라인 생산용 SS400 철판 원재료 매입,2026-08-13
프로토타입 1차 스크리닝,18260313-4,과세매입,수선비,설비수리,681000,CNC 선반 스핀들 고장 수리 및 부품교체,공제 가능,중간,R140_BUSINESS_EQUIPMENT_SERVICE,업무용 비품·설비·관리용역,과세사업 운영에 직접 사용하는 비품·설비·관리용역은 공제 원칙,부가가치세법 제38조 제1항,업무사용 및 과세사업 귀속 증빙을 보관하세요.,https://www.law.go.kr/법령/부가가치세법/제38조,수선비 | 설비수리 | CNC 선반 스핀들 고장 수리 및 부품교체,2026-08-13
프로토타입 1차 스크리닝,18260314-1,과세매입,수선비,설비수리,129000,CNC 선반 스핀들 고장 수리 및 부품교체,공제 가능,중간,R140_BUSINESS_EQUIPMENT_SERVICE,업무용 비품·설비·관리용역,과세사업 운영에 직접 사용하는 비품·설비·관리용역은 공제 원칙,부가가치세법 제38조 제1항,업무사용 및 과세사업 귀속 증빙을 보관하세요.,https://www.law.go.kr/법령/부가가치세법/제38조,수선비 | 설비수리 | CNC 선반 스핀들 고장 수리 및 부품교체,2026-08-13
프로토타입 1차 스크리닝,18260314-2,과세매입,기업업무추진비,거래처식사,2052000,주요 거래처 임원 4명 접대 목적 저녁식사,불공제 가능,높음,R040_BUSINESS_PROMOTION,기업업무추진비·접대성 지출,기업업무추진비와 유사한 접대성 비용의 매입세액은 불공제,부가가치세법 제39조 제1항 제6호·시행령 제79조,지출 상대방·목적·참석자와 광고선전 또는 복리후생 해당 여부를 확인하세요.,https://www.law.go.kr/법령/부가가치세법시행령/제79조,기업업무추진비 | 거래처식사 | 주요 거래처 임원 4명 접대 목적 저녁식사,2026-08-13
프로토타입 1차 스크리닝,18260314-3,과세매입,여비교통비,숙박비,4974000,지방 숙박비 - 출장자 및 출장목적 미기재,추가검토,높음,R110_MISSING_PURPOSE_DETAIL,사업관련성·사용처 정보 부족,목적·사용자·사용장소가 없으면 사업을 위해 사용한 지출인지 확인할 수 없음,부가가치세법 제38조 제1항·제39조 제1항 제4호,거래 목적·사용자·사용부서·사용장소와 관련 증빙을 입력하세요.,https://www.law.go.kr/법령/부가가치세법/제38조,여비교통비 | 숙박비 | 지방 숙박비 - 출장자 및 출장목적 미기재,2026-08-13
프로토타입 1차 스크리닝,18260314-4,과세매입,임차료,공장창고,8885000,원재료 보관용 외부 창고 월 임차료,공제 가능,높음,R130_DIRECT_MATERIAL_OR_PROCESS,과세사업용 원재료·부재료·외주가공,과세사업의 생산·납품에 직접 사용되는 재화·용역은 공제 원칙,부가가치세법 제38조 제1항,과세사업 귀속과 실제 입고·검수 자료를 확인하세요.,https://www.law.go.kr/법령/부가가치세법/제38조,임차료 | 공장창고 | 원재료 보관용 외부 창고 월 임차료,2026-08-13
프로토타입 1차 스크리닝,18260315-1,과세매입,운반비,화물운송,4186000,완제품 거래처 납품용 5톤 화물운송,공제 가능,중간,R140_BUSINESS_EQUIPMENT_SERVICE,업무용 비품·설비·관리용역,과세사업 운영에 직접 사용하는 비품·설비·관리용역은 공제 원칙,부가가치세법 제38조 제1항,업무사용 및 과세사업 귀속 증빙을 보관하세요.,https://www.law.go.kr/법령/부가가치세법/제38조,운반비 | 화물운송 | 완제품 거래처 납품용 5톤 화물운송,2026-08-13
프로토타입 1차 스크리닝,18260315-2,과세매입,원자재,알루미늄판,4560000,세금계산서 명의와 실운영자 이름이 다르나 실제 운영자가 발주협의·출고·대금정산을 직접 수행하고 알루미늄판 전량 입고 확인 / 계약서·거래명세·계좌이체 증빙 보관,추가검토,높음,R010_SUPPLIER_NAME_MISMATCH,명의와 실질 거래주체 판단,세금계산서 명의와 실제 공급자의 일치 여부는 구체적 거래 사실을 확인해야 함,부가가치세법 제39조 제1항 제2호,계약·발주·납품·대금수령 주체와 명의자의 실제 관여를 확인하세요.,https://www.law.go.kr/법령/부가가치세법/제39조,원자재 | 알루미늄판 | 세금계산서 명의와 실운영자 이름이 다르나 실제 운영자가 발주협의·출고·대금정산을 직접 수행하고 알루미늄판…,2026-08-13
프로토타입 1차 스크리닝,18260315-3,과세매입,복리후생비(관리),직원간식,2470000,사무실 전 직원 공용 간식 및 생수 구매,공제 가능,중간,R150_EMPLOYEE_WELFARE_TRAINING,종업원 복리후생·직무교육,종업원 공동 복리후생과 직무 관련 교육은 사업 관련 매입으로 공제 가능,부가가치세법 제38조 제1항,대상자가 종업원인지와 복리후생 기준을 확인하세요.,https://www.law.go.kr/법령/부가가치세법/제38조,복리후생비(관리) | 직원간식 | 사무실 전 직원 공용 간식 및 생수 구매,2026-08-13
프로토타입 1차 스크리닝,18260315-4,과세매입,복리후생비,개인용품,832000,대표이사 자택 사용 가전제품 구매,불공제 가능,높음,R030_PRIVATE_OR_HOME_USE,사업과 직접 관련 없는 개인·가사 지출,대표자 개인사용·가사 지출 등 사업과 직접 관련 없는 지출은 불공제,부가가치세법 제39조 제1항 제4호·시행령 제77조,실제 사용 장소와 사용자 및 회사업무 관련성을 확인하세요.,https://www.law.go.kr/법령/부가가치세법시행령/제77조,복리후생비 | 개인용품 | 대표이사 자택 사용 가전제품 구매,2026-08-13
프로토타입 1차 스크리닝,18260316-1,과세매입,기업업무추진비,거래처선물,1058000,거래처 대표 명절 선물세트 제공,불공제 가능,높음,R040_BUSINESS_PROMOTION,기업업무추진비·접대성 지출,기업업무추진비와 유사한 접대성 비용의 매입세액은 불공제,부가가치세법 제39조 제1항 제6호·시행령 제79조,지출 상대방·목적·참석자와 광고선전 또는 복리후생 해당 여부를 확인하세요.,https://www.law.go.kr/법령/부가가치세법시행령/제79조,기업업무추진비 | 거래처선물 | 거래처 대표 명절 선물세트 제공,2026-08-13
프로토타입 1차 스크리닝,18260316-2,과세매입,차량유지비,승용차유류,1130000,"대표이사 업무용 2,000cc 승용차 주유",불공제 가능,높음,R050_SMALL_PASSENGER_CAR,비영업용 소형승용자동차 관련,직접 영업에 쓰는 예외 업종 외 소형승용차의 구입·임차·유지는 불공제,부가가치세법 제39조 제1항 제5호·시행령 제78조,차종·정원·배기량·차량번호와 직접 영업 사용 여부를 확인하세요.,https://www.law.go.kr/법령/부가가치세법시행령/제78조,"차량유지비 | 승용차유류 | 대표이사 업무용 2,000cc 승용차 주유",2026-08-13
프로토타입 1차 스크리닝,18260316-3,과세매입,복리후생비,식대,4465000,주말 식대 6명 - 임직원 여부 미기재,추가검토,높음,R110_MISSING_PURPOSE_DETAIL,사업관련성·사용처 정보 부족,목적·사용자·사용장소가 없으면 사업을 위해 사용한 지출인지 확인할 수 없음,부가가치세법 제38조 제1항·제39조 제1항 제4호,거래 목적·사용자·사용부서·사용장소와 관련 증빙을 입력하세요.,https://www.law.go.kr/법령/부가가치세법/제38조,복리후생비 | 식대 | 주말 식대 6명 - 임직원 여부 미기재,2026-08-13
프로토타입 1차 스크리닝,18260316-4,과세매입,복리후생비(관리),직원간식,6836000,사무실 전 직원 공용 간식 및 생수 구매,공제 가능,중간,R150_EMPLOYEE_WELFARE_TRAINING,종업원 복리후생·직무교육,종업원 공동 복리후생과 직무 관련 교육은 사업 관련 매입으로 공제 가능,부가가치세법 제38조 제1항,대상자가 종업원인지와 복리후생 기준을 확인하세요.,https://www.law.go.kr/법령/부가가치세법/제38조,복리후생비(관리) | 직원간식 | 사무실 전 직원 공용 간식 및 생수 구매,2026-08-13
프로토타입 1차 스크리닝,18260317-1,과세매입,지급수수료,자문료,4125000,외부 컨설팅 수수료 - 프로젝트명 미기재,추가검토,높음,R110_MISSING_PURPOSE_DETAIL,사업관련성·사용처 정보 부족,목적·사용자·사용장소가 없으면 사업을 위해 사용한 지출인지 확인할 수 없음,부가가치세법 제38조 제1항·제39조 제1항 제4호,거래 목적·사용자·사용부서·사용장소와 관련 증빙을 입력하세요.,https://www.law.go.kr/법령/부가가치세법/제38조,지급수수료 | 자문료 | 외부 컨설팅 수수료 - 프로젝트명 미기재,2026-08-13
프로토타입 1차 스크리닝,18260317-2,과세매입,복리후생비,식대,1067000,주말 식대 6명 - 임직원 여부 미기재,추가검토,높음,R110_MISSING_PURPOSE_DETAIL,사업관련성·사용처 정보 부족,목적·사용자·사용장소가 없으면 사업을 위해 사용한 지출인지 확인할 수 없음,부가가치세법 제38조 제1항·제39조 제1항 제4호,거래 목적·사용자·사용부서·사용장소와 관련 증빙을 입력하세요.,https://www.law.go.kr/법령/부가가치세법/제38조,복리후생비 | 식대 | 주말 식대 6명 - 임직원 여부 미기재,2026-08-13
프로토타입 1차 스크리닝,18260317-3,과세매입,복리후생비(생산),생산직원식대,4501000,야간 잔업 생산직원 식대 18명,공제 가능,중간,R150_EMPLOYEE_WELFARE_TRAINING,종업원 복리후생·직무교육,종업원 공동 복리후생과 직무 관련 교육은 사업 관련 매입으로 공제 가능,부가가치세법 제38조 제1항,대상자가 종업원인지와 복리후생 기준을 확인하세요.,https://www.law.go.kr/법령/부가가치세법/제38조,복리후생비(생산) | 생산직원식대 | 야간 잔업 생산직원 식대 18명,2026-08-13
프로토타입 1차 스크리닝,18260317-4,과세매입,원자재,고무패킹,4530000,"공급처는 가족 명의 사업자등록. 실운영자가 해당 사업체를 독립적으로 운영하고 직원급여·재고·매출대금 관리, 실제 납품내역과 세금계산서 일치 / 계약서·거래명세·계좌이체 증빙 보관",추가검토,높음,R010_SUPPLIER_NAME_MISMATCH,명의와 실질 거래주체 판단,세금계산서 명의와 실제 공급자의 일치 여부는 구체적 거래 사실을 확인해야 함,부가가치세법 제39조 제1항 제2호,계약·발주·납품·대금수령 주체와 명의자의 실제 관여를 확인하세요.,https://www.law.go.kr/법령/부가가치세법/제39조,원자재 | 고무패킹 | 공급처는 가족 명의 사업자등록. 실운영자가 해당 사업체를 독립적으로 운영하고 직원급여·재고·매출대금…,2026-08-13
프로토타입 1차 스크리닝,18260318-1,과세매입,비품,노트북,8029000,품질관리팀 검사데이터 분석용 노트북 구입,공제 가능,중간,R140_BUSINESS_EQUIPMENT_SERVICE,업무용 비품·설비·관리용역,과세사업 운영에 직접 사용하는 비품·설비·관리용역은 공제 원칙,부가가치세법 제38조 제1항,업무사용 및 과세사업 귀속 증빙을 보관하세요.,https://www.law.go.kr/법령/부가가치세법/제38조,비품 | 노트북 | 품질관리팀 검사데이터 분석용 노트북 구입,2026-08-13
프로토타입 1차 스크리닝,18260318-2,과세매입,복리후생비(관리),직원간식,8688000,사무실 전 직원 공용 간식 및 생수 구매,공제 가능,중간,R150_EMPLOYEE_WELFARE_TRAINING,종업원 복리후생·직무교육,종업원 공동 복리후생과 직무 관련 교육은 사업 관련 매입으로 공제 가능,부가가치세법 제38조 제1항,대상자가 종업원인지와 복리후생 기준을 확인하세요.,https://www.law.go.kr/법령/부가가치세법/제38조,복리후생비(관리) | 직원간식 | 사무실 전 직원 공용 간식 및 생수 구매,2026-08-13
프로토타입 1차 스크리닝,18260318-3,과세매입,임차료,공장창고,1581000,원재료 보관용 외부 창고 월 임차료,공제 가능,높음,R130_DIRECT_MATERIAL_OR_PROCESS,과세사업용 원재료·부재료·외주가공,과세사업의 생산·납품에 직접 사용되는 재화·용역은 공제 원칙,부가가치세법 제38조 제1항,과세사업 귀속과 실제 입고·검수 자료를 확인하세요.,https://www.law.go.kr/법령/부가가치세법/제38조,임차료 | 공장창고 | 원재료 보관용 외부 창고 월 임차료,2026-08-13
프로토타입 1차 스크리닝,18260318-4,과세매입,수선비,설비수리,2384000,CNC 선반 스핀들 고장 수리 및 부품교체,공제 가능,중간,R140_BUSINESS_EQUIPMENT_SERVICE,업무용 비품·설비·관리용역,과세사업 운영에 직접 사용하는 비품·설비·관리용역은 공제 원칙,부가가치세법 제38조 제1항,업무사용 및 과세사업 귀속 증빙을 보관하세요.,https://www.law.go.kr/법령/부가가치세법/제38조,수선비 | 설비수리 | CNC 선반 스핀들 고장 수리 및 부품교체,2026-08-13
프로토타입 1차 스크리닝,18260319-1,과세매입,기업업무추진비,골프비,868000,거래처 관계유지 목적 골프장 이용료,불공제 가능,높음,R040_BUSINESS_PROMOTION,기업업무추진비·접대성 지출,기업업무추진비와 유사한 접대성 비용의 매입세액은 불공제,부가가치세법 제39조 제1항 제6호·시행령 제79조,지출 상대방·목적·참석자와 광고선전 또는 복리후생 해당 여부를 확인하세요.,https://www.law.go.kr/법령/부가가치세법시행령/제79조,기업업무추진비 | 골프비 | 거래처 관계유지 목적 골프장 이용료,2026-08-13
프로토타입 1차 스크리닝,18260319-2,과세매입,지급수수료,자문료,3267000,외부 컨설팅 수수료 - 프로젝트명 미기재,추가검토,높음,R110_MISSING_PURPOSE_DETAIL,사업관련성·사용처 정보 부족,목적·사용자·사용장소가 없으면 사업을 위해 사용한 지출인지 확인할 수 없음,부가가치세법 제38조 제1항·제39조 제1항 제4호,거래 목적·사용자·사용부서·사용장소와 관련 증빙을 입력하세요.,https://www.law.go.kr/법령/부가가치세법/제38조,지급수수료 | 자문료 | 외부 컨설팅 수수료 - 프로젝트명 미기재,2026-08-13
프로토타입 1차 스크리닝,18260319-3,과세매입,지급수수료,회계감사,1172000,외부감사 대응 재고실사 및 회계자문 수수료,공제 가능,중간,R140_BUSINESS_EQUIPMENT_SERVICE,업무용 비품·설비·관리용역,과세사업 운영에 직접 사용하는 비품·설비·관리용역은 공제 원칙,부가가치세법 제38조 제1항,업무사용 및 과세사업 귀속 증빙을 보관하세요.,https://www.law.go.kr/법령/부가가치세법/제38조,지급수수료 | 회계감사 | 외부감사 대응 재고실사 및 회계자문 수수료,2026-08-13
프로토타입 1차 스크리닝,18260319-4,과세매입,교육훈련비,안전교육,298000,생산팀 산업안전·설비조작 교육비,공제 가능,중간,R140_BUSINESS_EQUIPMENT_SERVICE,업무용 비품·설비·관리용역,과세사업 운영에 직접 사용하는 비품·설비·관리용역은 공제 원칙,부가가치세법 제38조 제1항,업무사용 및 과세사업 귀속 증빙을 보관하세요.,https://www.law.go.kr/법령/부가가치세법/제38조,교육훈련비 | 안전교육 | 생산팀 산업안전·설비조작 교육비,2026-08-13
프로토타입 1차 스크리닝,18260320-1,과세매입,비품,노트북,4416000,품질관리팀 검사데이터 분석용 노트북 구입,공제 가능,중간,R140_BUSINESS_EQUIPMENT_SERVICE,업무용 비품·설비·관리용역,과세사업 운영에 직접 사용하는 비품·설비·관리용역은 공제 원칙,부가가치세법 제38조 제1항,업무사용 및 과세사업 귀속 증빙을 보관하세요.,https://www.law.go.kr/법령/부가가치세법/제38조,비품 | 노트북 | 품질관리팀 검사데이터 분석용 노트북 구입,2026-08-13
프로토타입 1차 스크리닝,18260320-2,과세매입,부재료비,볼트세트,7050000,제3자 명의 사업자등록 사용 사실 확인. 다만 실운영자가 직접 거래했고 물품 수량·가격·입고일·계좌이체가 세금계산서와 일치 / 계약서·거래명세·계좌이체 증빙 보관,추가검토,높음,R010_SUPPLIER_NAME_MISMATCH,명의와 실질 거래주체 판단,세금계산서 명의와 실제 공급자의 일치 여부는 구체적 거래 사실을 확인해야 함,부가가치세법 제39조 제1항 제2호,계약·발주·납품·대금수령 주체와 명의자의 실제 관여를 확인하세요.,https://www.law.go.kr/법령/부가가치세법/제39조,부재료비 | 볼트세트 | 제3자 명의 사업자등록 사용 사실 확인. 다만 실운영자가 직접 거래했고 물품 수량·가격·입고…,2026-08-13
프로토타입 1차 스크리닝,18260320-3,과세매입,기업업무추진비,거래처식사,277000,주요 거래처 임원 4명 접대 목적 저녁식사,불공제 가능,높음,R040_BUSINESS_PROMOTION,기업업무추진비·접대성 지출,기업업무추진비와 유사한 접대성 비용의 매입세액은 불공제,부가가치세법 제39조 제1항 제6호·시행령 제79조,지출 상대방·목적·참석자와 광고선전 또는 복리후생 해당 여부를 확인하세요.,https://www.law.go.kr/법령/부가가치세법시행령/제79조,기업업무추진비 | 거래처식사 | 주요 거래처 임원 4명 접대 목적 저녁식사,2026-08-13
프로토타입 1차 스크리닝,18260320-4,과세매입,복리후생비,개인용품,149000,대표이사 자택 사용 가전제품 구매,불공제 가능,높음,R030_PRIVATE_OR_HOME_USE,사업과 직접 관련 없는 개인·가사 지출,대표자 개인사용·가사 지출 등 사업과 직접 관련 없는 지출은 불공제,부가가치세법 제39조 제1항 제4호·시행령 제77조,실제 사용 장소와 사용자 및 회사업무 관련성을 확인하세요.,https://www.law.go.kr/법령/부가가치세법시행령/제77조,복리후생비 | 개인용품 | 대표이사 자택 사용 가전제품 구매,2026-08-13
프로토타입 1차 스크리닝,18260321-1,과세매입,기업업무추진비,거래처식사,494000,주요 거래처 임원 4명 접대 목적 저녁식사,불공제 가능,높음,R040_BUSINESS_PROMOTION,기업업무추진비·접대성 지출,기업업무추진비와 유사한 접대성 비용의 매입세액은 불공제,부가가치세법 제39조 제1항 제6호·시행령 제79조,지출 상대방·목적·참석자와 광고선전 또는 복리후생 해당 여부를 확인하세요.,https://www.law.go.kr/법령/부가가치세법시행령/제79조,기업업무추진비 | 거래처식사 | 주요 거래처 임원 4명 접대 목적 저녁식사,2026-08-13
프로토타입 1차 스크리닝,18260321-2,과세매입,소모품비,전자기기,4939000,태블릿PC 구매 - 사용자 및 사용부서 미기재,추가검토,높음,R110_MISSING_PURPOSE_DETAIL,사업관련성·사용처 정보 부족,목적·사용자·사용장소가 없으면 사업을 위해 사용한 지출인지 확인할 수 없음,부가가치세법 제38조 제1항·제39조 제1항 제4호,거래 목적·사용자·사용부서·사용장소와 관련 증빙을 입력하세요.,https://www.law.go.kr/법령/부가가치세법/제38조,소모품비 | 전자기기 | 태블릿PC 구매 - 사용자 및 사용부서 미기재,2026-08-13
프로토타입 1차 스크리닝,18260321-3,과세매입,부재료비,용접봉,8124000,생산공정 용접작업용 용접봉 구매,공제 가능,높음,R130_DIRECT_MATERIAL_OR_PROCESS,과세사업용 원재료·부재료·외주가공,과세사업의 생산·납품에 직접 사용되는 재화·용역은 공제 원칙,부가가치세법 제38조 제1항,과세사업 귀속과 실제 입고·검수 자료를 확인하세요.,https://www.law.go.kr/법령/부가가치세법/제38조,부재료비 | 용접봉 | 생산공정 용접작업용 용접봉 구매,2026-08-13
프로토타입 1차 스크리닝,18260321-4,과세매입,수선비,시설수리,1251000,건물 시설 수리비 - 사업장/사택 구분 미기재,추가검토,높음,R110_MISSING_PURPOSE_DETAIL,사업관련성·사용처 정보 부족,목적·사용자·사용장소가 없으면 사업을 위해 사용한 지출인지 확인할 수 없음,부가가치세법 제38조 제1항·제39조 제1항 제4호,거래 목적·사용자·사용부서·사용장소와 관련 증빙을 입력하세요.,https://www.law.go.kr/법령/부가가치세법/제38조,수선비 | 시설수리 | 건물 시설 수리비 - 사업장/사택 구분 미기재,2026-08-13
프로토타입 1차 스크리닝,18260322-1,과세매입,지급수수료,자문료,3687000,외부 컨설팅 수수료 - 프로젝트명 미기재,추가검토,높음,R110_MISSING_PURPOSE_DETAIL,사업관련성·사용처 정보 부족,목적·사용자·사용장소가 없으면 사업을 위해 사용한 지출인지 확인할 수 없음,부가가치세법 제38조 제1항·제39조 제1항 제4호,거래 목적·사용자·사용부서·사용장소와 관련 증빙을 입력하세요.,https://www.law.go.kr/법령/부가가치세법/제38조,지급수수료 | 자문료 | 외부 컨설팅 수수료 - 프로젝트명 미기재,2026-08-13
프로토타입 1차 스크리닝,18260322-2,과세매입,수선비,설비수리,24000,CNC 선반 스핀들 고장 수리 및 부품교체,공제 가능,중간,R140_BUSINESS_EQUIPMENT_SERVICE,업무용 비품·설비·관리용역,과세사업 운영에 직접 사용하는 비품·설비·관리용역은 공제 원칙,부가가치세법 제38조 제1항,업무사용 및 과세사업 귀속 증빙을 보관하세요.,https://www.law.go.kr/법령/부가가치세법/제38조,수선비 | 설비수리 | CNC 선반 스핀들 고장 수리 및 부품교체,2026-08-13
프로토타입 1차 스크리닝,18260322-3,과세매입,임차료,승용차렌트,551000,영업관리용 5인승 승용차 월 렌트료,불공제 가능,높음,R050_SMALL_PASSENGER_CAR,비영업용 소형승용자동차 관련,직접 영업에 쓰는 예외 업종 외 소형승용차의 구입·임차·유지는 불공제,부가가치세법 제39조 제1항 제5호·시행령 제78조,차종·정원·배기량·차량번호와 직접 영업 사용 여부를 확인하세요.,https://www.law.go.kr/법령/부가가치세법시행령/제78조,임차료 | 승용차렌트 | 영업관리용 5인승 승용차 월 렌트료,2026-08-13
프로토타입 1차 스크리닝,18260322-4,과세매입,외주가공비,도장가공,4130000,명의상 대표와 실제 운영자가 다르나 실운영자가 공장·인력·비용·수익을 직접 관리하고 당사 발주품을 실제 가공·납품한 자료 확인 / 계약서·거래명세·계좌이체 증빙 보관,추가검토,높음,R010_SUPPLIER_NAME_MISMATCH,명의와 실질 거래주체 판단,세금계산서 명의와 실제 공급자의 일치 여부는 구체적 거래 사실을 확인해야 함,부가가치세법 제39조 제1항 제2호,계약·발주·납품·대금수령 주체와 명의자의 실제 관여를 확인하세요.,https://www.law.go.kr/법령/부가가치세법/제39조,외주가공비 | 도장가공 | 명의상 대표와 실제 운영자가 다르나 실운영자가 공장·인력·비용·수익을 직접 관리하고 당사 발주품을 실제 가공·납품한 자료 확…,2026-08-13
